0 verbose cli /usr/local/bin/node /usr/local/bin/npm
1 info using npm@10.8.2
2 info using node@v20.19.5
3 silly config load:file:/usr/local/lib/node_modules/npm/npmrc
4 silly config load:file:/workspace/.npmrc
5 silly config load:file:/usr/local/etc/npmrc
6 verbose title npm ci
7 verbose argv "ci"
8 verbose logfile logs-max:10 dir:/workspace/.npm/_logs/2025-11-10T20_22_29_715Z-
9 verbose logfile /workspace/.npm/_logs/2025-11-10T20_22_29_715Z-debug-0.log
10 silly packumentCache heap:4345298944 maxSize:1086324736 maxEntrySize:543162368
11 silly logfile start cleaning logs, removing 1 files
12 silly logfile done cleaning log files
13 silly idealTree buildDeps
14 silly reify moves {}
15 silly audit bulk request {
15 silly audit   '@adobe/css-tools': [ '4.4.4' ],
15 silly audit   '@babel/code-frame': [ '7.27.1' ],
15 silly audit   '@babel/compat-data': [ '7.28.5' ],
15 silly audit   '@babel/core': [ '7.28.5' ],
15 silly audit   '@babel/generator': [ '7.28.5' ],
15 silly audit   '@babel/helper-annotate-as-pure': [ '7.27.3' ],
15 silly audit   '@babel/helper-compilation-targets': [ '7.27.2' ],
15 silly audit   '@babel/helper-create-class-features-plugin': [ '7.28.5' ],
15 silly audit   '@babel/helper-create-regexp-features-plugin': [ '7.28.5' ],
15 silly audit   '@babel/helper-define-polyfill-provider': [ '0.6.5' ],
15 silly audit   '@babel/helper-globals': [ '7.28.0' ],
15 silly audit   '@babel/helper-member-expression-to-functions': [ '7.28.5' ],
15 silly audit   '@babel/helper-module-imports': [ '7.27.1' ],
15 silly audit   '@babel/helper-module-transforms': [ '7.28.3' ],
15 silly audit   '@babel/helper-optimise-call-expression': [ '7.27.1' ],
15 silly audit   '@babel/helper-plugin-utils': [ '7.27.1' ],
15 silly audit   '@babel/helper-remap-async-to-generator': [ '7.27.1' ],
15 silly audit   '@babel/helper-replace-supers': [ '7.27.1' ],
15 silly audit   '@babel/helper-skip-transparent-expression-wrappers': [ '7.27.1' ],
15 silly audit   '@babel/helper-string-parser': [ '7.27.1' ],
15 silly audit   '@babel/helper-validator-identifier': [ '7.28.5' ],
15 silly audit   '@babel/helper-validator-option': [ '7.27.1' ],
15 silly audit   '@babel/helper-wrap-function': [ '7.28.3' ],
15 silly audit   '@babel/helpers': [ '7.28.4' ],
15 silly audit   '@babel/parser': [ '7.28.5' ],
15 silly audit   '@babel/plugin-bugfix-firefox-class-in-computed-class-key': [ '7.28.5' ],
15 silly audit   '@babel/plugin-bugfix-safari-class-field-initializer-scope': [ '7.27.1' ],
15 silly audit   '@babel/plugin-bugfix-safari-id-destructuring-collision-in-function-expression': [ '7.27.1' ],
15 silly audit   '@babel/plugin-bugfix-v8-spread-parameters-in-optional-chaining': [ '7.27.1' ],
15 silly audit   '@babel/plugin-bugfix-v8-static-class-fields-redefine-readonly': [ '7.28.3' ],
15 silly audit   '@babel/plugin-proposal-private-property-in-object': [ '7.21.0-placeholder-for-preset-env.2' ],
15 silly audit   '@babel/plugin-syntax-async-generators': [ '7.8.4' ],
15 silly audit   '@babel/plugin-syntax-bigint': [ '7.8.3' ],
15 silly audit   '@babel/plugin-syntax-class-properties': [ '7.12.13' ],
15 silly audit   '@babel/plugin-syntax-class-static-block': [ '7.14.5' ],
15 silly audit   '@babel/plugin-syntax-import-assertions': [ '7.27.1' ],
15 silly audit   '@babel/plugin-syntax-import-attributes': [ '7.27.1' ],
15 silly audit   '@babel/plugin-syntax-import-meta': [ '7.10.4' ],
15 silly audit   '@babel/plugin-syntax-json-strings': [ '7.8.3' ],
15 silly audit   '@babel/plugin-syntax-jsx': [ '7.27.1' ],
15 silly audit   '@babel/plugin-syntax-logical-assignment-operators': [ '7.10.4' ],
15 silly audit   '@babel/plugin-syntax-nullish-coalescing-operator': [ '7.8.3' ],
15 silly audit   '@babel/plugin-syntax-numeric-separator': [ '7.10.4' ],
15 silly audit   '@babel/plugin-syntax-object-rest-spread': [ '7.8.3' ],
15 silly audit   '@babel/plugin-syntax-optional-catch-binding': [ '7.8.3' ],
15 silly audit   '@babel/plugin-syntax-optional-chaining': [ '7.8.3' ],
15 silly audit   '@babel/plugin-syntax-private-property-in-object': [ '7.14.5' ],
15 silly audit   '@babel/plugin-syntax-top-level-await': [ '7.14.5' ],
15 silly audit   '@babel/plugin-syntax-typescript': [ '7.27.1' ],
15 silly audit   '@babel/plugin-syntax-unicode-sets-regex': [ '7.18.6' ],
15 silly audit   '@babel/plugin-transform-arrow-functions': [ '7.27.1' ],
15 silly audit   '@babel/plugin-transform-async-generator-functions': [ '7.28.0' ],
15 silly audit   '@babel/plugin-transform-async-to-generator': [ '7.27.1' ],
15 silly audit   '@babel/plugin-transform-block-scoped-functions': [ '7.27.1' ],
15 silly audit   '@babel/plugin-transform-block-scoping': [ '7.28.5' ],
15 silly audit   '@babel/plugin-transform-class-properties': [ '7.27.1' ],
15 silly audit   '@babel/plugin-transform-class-static-block': [ '7.28.3' ],
15 silly audit   '@babel/plugin-transform-classes': [ '7.28.4' ],
15 silly audit   '@babel/plugin-transform-computed-properties': [ '7.27.1' ],
15 silly audit   '@babel/plugin-transform-destructuring': [ '7.28.5' ],
15 silly audit   '@babel/plugin-transform-dotall-regex': [ '7.27.1' ],
15 silly audit   '@babel/plugin-transform-duplicate-keys': [ '7.27.1' ],
15 silly audit   '@babel/plugin-transform-duplicate-named-capturing-groups-regex': [ '7.27.1' ],
15 silly audit   '@babel/plugin-transform-dynamic-import': [ '7.27.1' ],
15 silly audit   '@babel/plugin-transform-explicit-resource-management': [ '7.28.0' ],
15 silly audit   '@babel/plugin-transform-exponentiation-operator': [ '7.28.5' ],
15 silly audit   '@babel/plugin-transform-export-namespace-from': [ '7.27.1' ],
15 silly audit   '@babel/plugin-transform-for-of': [ '7.27.1' ],
15 silly audit   '@babel/plugin-transform-function-name': [ '7.27.1' ],
15 silly audit   '@babel/plugin-transform-json-strings': [ '7.27.1' ],
15 silly audit   '@babel/plugin-transform-literals': [ '7.27.1' ],
15 silly audit   '@babel/plugin-transform-logical-assignment-operators': [ '7.28.5' ],
15 silly audit   '@babel/plugin-transform-member-expression-literals': [ '7.27.1' ],
15 silly audit   '@babel/plugin-transform-modules-amd': [ '7.27.1' ],
15 silly audit   '@babel/plugin-transform-modules-commonjs': [ '7.27.1' ],
15 silly audit   '@babel/plugin-transform-modules-systemjs': [ '7.28.5' ],
15 silly audit   '@babel/plugin-transform-modules-umd': [ '7.27.1' ],
15 silly audit   '@babel/plugin-transform-named-capturing-groups-regex': [ '7.27.1' ],
15 silly audit   '@babel/plugin-transform-new-target': [ '7.27.1' ],
15 silly audit   '@babel/plugin-transform-nullish-coalescing-operator': [ '7.27.1' ],
15 silly audit   '@babel/plugin-transform-numeric-separator': [ '7.27.1' ],
15 silly audit   '@babel/plugin-transform-object-rest-spread': [ '7.28.4' ],
15 silly audit   '@babel/plugin-transform-object-super': [ '7.27.1' ],
15 silly audit   '@babel/plugin-transform-optional-catch-binding': [ '7.27.1' ],
15 silly audit   '@babel/plugin-transform-optional-chaining': [ '7.28.5' ],
15 silly audit   '@babel/plugin-transform-parameters': [ '7.27.7' ],
15 silly audit   '@babel/plugin-transform-private-methods': [ '7.27.1' ],
15 silly audit   '@babel/plugin-transform-private-property-in-object': [ '7.27.1' ],
15 silly audit   '@babel/plugin-transform-property-literals': [ '7.27.1' ],
15 silly audit   '@babel/plugin-transform-react-display-name': [ '7.28.0' ],
15 silly audit   '@babel/plugin-transform-react-jsx': [ '7.27.1' ],
15 silly audit   '@babel/plugin-transform-react-jsx-development': [ '7.27.1' ],
15 silly audit   '@babel/plugin-transform-react-jsx-self': [ '7.27.1' ],
15 silly audit   '@babel/plugin-transform-react-jsx-source': [ '7.27.1' ],
15 silly audit   '@babel/plugin-transform-react-pure-annotations': [ '7.27.1' ],
15 silly audit   '@babel/plugin-transform-regenerator': [ '7.28.4' ],
15 silly audit   '@babel/plugin-transform-regexp-modifiers': [ '7.27.1' ],
15 silly audit   '@babel/plugin-transform-reserved-words': [ '7.27.1' ],
15 silly audit   '@babel/plugin-transform-shorthand-properties': [ '7.27.1' ],
15 silly audit   '@babel/plugin-transform-spread': [ '7.27.1' ],
15 silly audit   '@babel/plugin-transform-sticky-regex': [ '7.27.1' ],
15 silly audit   '@babel/plugin-transform-template-literals': [ '7.27.1' ],
15 silly audit   '@babel/plugin-transform-typeof-symbol': [ '7.27.1' ],
15 silly audit   '@babel/plugin-transform-typescript': [ '7.28.5' ],
15 silly audit   '@babel/plugin-transform-unicode-escapes': [ '7.27.1' ],
15 silly audit   '@babel/plugin-transform-unicode-property-regex': [ '7.27.1' ],
15 silly audit   '@babel/plugin-transform-unicode-regex': [ '7.27.1' ],
15 silly audit   '@babel/plugin-transform-unicode-sets-regex': [ '7.27.1' ],
15 silly audit   '@babel/preset-env': [ '7.28.5' ],
15 silly audit   '@babel/preset-modules': [ '0.1.6-no-external-plugins' ],
15 silly audit   '@babel/preset-react': [ '7.28.5' ],
15 silly audit   '@babel/preset-typescript': [ '7.28.5' ],
15 silly audit   '@babel/runtime': [ '7.28.4' ],
15 silly audit   '@babel/template': [ '7.27.2' ],
15 silly audit   '@babel/traverse': [ '7.28.5' ],
15 silly audit   '@babel/types': [ '7.28.5' ],
15 silly audit   '@bcoe/v8-coverage': [ '0.2.3' ],
15 silly audit   '@dnd-kit/accessibility': [ '3.1.1' ],
15 silly audit   '@dnd-kit/core': [ '6.3.1' ],
15 silly audit   '@dnd-kit/modifiers': [ '9.0.0' ],
15 silly audit   '@dnd-kit/sortable': [ '10.0.0' ],
15 silly audit   '@dnd-kit/utilities': [ '3.2.2' ],
15 silly audit   '@emotion/is-prop-valid': [ '0.7.3' ],
15 silly audit   '@emotion/memoize': [ '0.7.1' ],
15 silly audit   '@esbuild/aix-ppc64': [ '0.25.11', '0.21.5' ],
15 silly audit   '@esbuild/android-arm': [ '0.18.20', '0.25.11', '0.21.5' ],
15 silly audit   '@esbuild/android-arm64': [ '0.18.20', '0.25.11', '0.21.5' ],
15 silly audit   '@esbuild/android-x64': [ '0.18.20', '0.25.11', '0.21.5' ],
15 silly audit   '@esbuild/darwin-arm64': [ '0.18.20', '0.25.11', '0.21.5' ],
15 silly audit   '@esbuild/darwin-x64': [ '0.18.20', '0.25.11', '0.21.5' ],
15 silly audit   '@esbuild/freebsd-arm64': [ '0.18.20', '0.25.11', '0.21.5' ],
15 silly audit   '@esbuild/freebsd-x64': [ '0.18.20', '0.25.11', '0.21.5' ],
15 silly audit   '@esbuild/linux-arm': [ '0.18.20', '0.25.11', '0.21.5' ],
15 silly audit   '@esbuild/linux-arm64': [ '0.18.20', '0.25.11', '0.21.5' ],
15 silly audit   '@esbuild/linux-ia32': [ '0.18.20', '0.25.11', '0.21.5' ],
15 silly audit   '@esbuild/linux-loong64': [ '0.18.20', '0.25.11', '0.21.5' ],
15 silly audit   '@esbuild/linux-mips64el': [ '0.18.20', '0.25.11', '0.21.5' ],
15 silly audit   '@esbuild/linux-ppc64': [ '0.18.20', '0.25.11', '0.21.5' ],
15 silly audit   '@esbuild/linux-riscv64': [ '0.18.20', '0.25.11', '0.21.5' ],
15 silly audit   '@esbuild/linux-s390x': [ '0.18.20', '0.25.11', '0.21.5' ],
15 silly audit   '@esbuild/linux-x64': [ '0.18.20', '0.25.11', '0.21.5' ],
15 silly audit   '@esbuild/netbsd-arm64': [ '0.25.11' ],
15 silly audit   '@esbuild/netbsd-x64': [ '0.18.20', '0.25.11', '0.21.5' ],
15 silly audit   '@esbuild/openbsd-arm64': [ '0.25.11' ],
15 silly audit   '@esbuild/openbsd-x64': [ '0.18.20', '0.25.11', '0.21.5' ],
15 silly audit   '@esbuild/openharmony-arm64': [ '0.25.11' ],
15 silly audit   '@esbuild/sunos-x64': [ '0.18.20', '0.25.11', '0.21.5' ],
15 silly audit   '@esbuild/win32-arm64': [ '0.18.20', '0.25.11', '0.21.5' ],
15 silly audit   '@esbuild/win32-ia32': [ '0.18.20', '0.25.11', '0.21.5' ],
15 silly audit   '@esbuild/win32-x64': [ '0.18.20', '0.25.11', '0.21.5' ],
15 silly audit   '@eslint-community/eslint-utils': [ '4.9.0' ],
15 silly audit   '@eslint-community/regexpp': [ '4.12.2' ],
15 silly audit   '@eslint/eslintrc': [ '2.1.4' ],
15 silly audit   'brace-expansion': [ '1.1.12', '2.0.2' ],
15 silly audit   minimatch: [ '3.1.2', '9.0.5', '9.0.3' ],
15 silly audit   '@eslint/js': [ '8.57.1' ],
15 silly audit   '@humanwhocodes/config-array': [ '0.13.0' ],
15 silly audit   '@humanwhocodes/module-importer': [ '1.0.1' ],
15 silly audit   '@humanwhocodes/object-schema': [ '2.0.3' ],
15 silly audit   '@isaacs/cliui': [ '8.0.2' ],
15 silly audit   'ansi-regex': [ '6.2.2', '5.0.1' ],
15 silly audit   'strip-ansi': [ '7.1.2', '6.0.1' ],
15 silly audit   '@istanbuljs/load-nyc-config': [ '1.1.0' ],
15 silly audit   argparse: [ '1.0.10', '2.0.1' ],
15 silly audit   'find-up': [ '4.1.0', '7.0.0', '5.0.0' ],
15 silly audit   'js-yaml': [ '3.14.1', '4.1.0' ],
15 silly audit   'locate-path': [ '5.0.0', '7.2.0', '6.0.0' ],
15 silly audit   'p-limit': [ '2.3.0', '4.0.0', '3.1.0' ],
15 silly audit   'p-locate': [ '4.1.0', '6.0.0', '5.0.0' ],
15 silly audit   '@istanbuljs/schema': [ '0.1.3' ],
15 silly audit   '@jest/console': [ '29.7.0' ],
15 silly audit   '@jest/core': [ '29.7.0' ],
15 silly audit   'ansi-styles': [ '5.2.0', '4.3.0', '6.2.3' ],
15 silly audit   'pretty-format': [ '29.7.0', '27.5.1' ],
15 silly audit   'react-is': [ '18.3.1', '16.13.1', '17.0.2' ],
15 silly audit   '@jest/environment': [ '29.7.0' ],
15 silly audit   '@jest/expect': [ '29.7.0' ],
15 silly audit   '@jest/expect-utils': [ '29.7.0' ],
15 silly audit   '@jest/fake-timers': [ '29.7.0' ],
15 silly audit   '@jest/globals': [ '29.7.0' ],
15 silly audit   '@jest/reporters': [ '29.7.0' ],
15 silly audit   glob: [ '7.2.3', '10.4.5' ],
15 silly audit   'istanbul-lib-instrument': [ '6.0.3', '5.2.1' ],
15 silly audit   semver: [ '7.7.3', '5.7.2', '6.3.1' ],
15 silly audit   '@jest/schemas': [ '29.6.3' ],
15 silly audit   '@jest/source-map': [ '29.6.3' ],
15 silly audit   '@jest/test-result': [ '29.7.0' ],
15 silly audit   '@jest/test-sequencer': [ '29.7.0' ],
15 silly audit   '@jest/transform': [ '29.7.0' ],
15 silly audit   '@jest/types': [ '29.6.3' ],
15 silly audit   '@joshwooding/vite-plugin-react-docgen-typescript': [ '0.6.1' ],
15 silly audit   '@jridgewell/gen-mapping': [ '0.3.13' ],
15 silly audit   '@jridgewell/remapping': [ '2.3.5' ],
15 silly audit   '@jridgewell/resolve-uri': [ '3.1.2' ],
15 silly audit   '@jridgewell/source-map': [ '0.3.11' ],
15 silly audit   '@jridgewell/sourcemap-codec': [ '1.5.5' ],
15 silly audit   '@jridgewell/trace-mapping': [ '0.3.31' ],
15 silly audit   '@mdx-js/react': [ '3.1.1' ],
15 silly audit   '@nodelib/fs.scandir': [ '2.1.5' ],
15 silly audit   '@nodelib/fs.stat': [ '2.0.5' ],
15 silly audit   '@nodelib/fs.walk': [ '1.2.8' ],
15 silly audit   '@parcel/watcher': [ '2.5.1' ],
15 silly audit   '@parcel/watcher-android-arm64': [ '2.5.1' ],
15 silly audit   '@parcel/watcher-darwin-arm64': [ '2.5.1' ],
15 silly audit   '@parcel/watcher-darwin-x64': [ '2.5.1' ],
15 silly audit   '@parcel/watcher-freebsd-x64': [ '2.5.1' ],
15 silly audit   '@parcel/watcher-linux-arm-glibc': [ '2.5.1' ],
15 silly audit   '@parcel/watcher-linux-arm-musl': [ '2.5.1' ],
15 silly audit   '@parcel/watcher-linux-arm64-glibc': [ '2.5.1' ],
15 silly audit   '@parcel/watcher-linux-arm64-musl': [ '2.5.1' ],
15 silly audit   '@parcel/watcher-linux-x64-glibc': [ '2.5.1' ],
15 silly audit   '@parcel/watcher-linux-x64-musl': [ '2.5.1' ],
15 silly audit   '@parcel/watcher-win32-arm64': [ '2.5.1' ],
15 silly audit   '@parcel/watcher-win32-ia32': [ '2.5.1' ],
15 silly audit   '@parcel/watcher-win32-x64': [ '2.5.1' ],
15 silly audit   '@patternfly/patternfly': [ '6.4.0' ],
15 silly audit   '@patternfly/react-component-groups': [ '6.4.0' ],
15 silly audit   '@patternfly/react-core': [ '6.4.0' ],
15 silly audit   '@patternfly/react-drag-drop': [ '6.4.0' ],
15 silly audit   '@patternfly/react-icons': [ '6.4.0' ],
15 silly audit   '@patternfly/react-styles': [ '6.4.0' ],
15 silly audit   '@patternfly/react-table': [ '6.4.0' ],
15 silly audit   '@patternfly/react-tokens': [ '6.4.0' ],
15 silly audit   '@pkgjs/parseargs': [ '0.11.0' ],
15 silly audit   '@pkgr/core': [ '0.2.9' ],
15 silly audit   '@playwright/experimental-ct-core': [ '1.56.1' ],
15 silly audit   esbuild: [ '0.25.11', '0.18.20', '0.21.5' ],
15 silly audit   fdir: [ '6.5.0' ],
15 silly audit   picomatch: [ '4.0.3', '2.3.1' ],
15 silly audit   vite: [ '6.4.1', '5.4.21' ],
15 silly audit   '@playwright/experimental-ct-react': [ '1.56.1' ],
15 silly audit   '@playwright/test': [ '1.56.1' ],
15 silly audit   '@react-hook/latest': [ '1.0.3' ],
15 silly audit   '@react-hook/passive-layout-effect': [ '1.2.1' ],
15 silly audit   '@react-hook/resize-observer': [ '2.0.2' ],
15 silly audit   '@rolldown/pluginutils': [ '1.0.0-beta.27' ],
15 silly audit   '@rollup/pluginutils': [ '5.3.0' ],
15 silly audit   '@rollup/rollup-android-arm-eabi': [ '4.52.5' ],
15 silly audit   '@rollup/rollup-android-arm64': [ '4.52.5' ],
15 silly audit   '@rollup/rollup-darwin-arm64': [ '4.52.5' ],
15 silly audit   '@rollup/rollup-darwin-x64': [ '4.52.5' ],
15 silly audit   '@rollup/rollup-freebsd-arm64': [ '4.52.5' ],
15 silly audit   '@rollup/rollup-freebsd-x64': [ '4.52.5' ],
15 silly audit   '@rollup/rollup-linux-arm-gnueabihf': [ '4.52.5' ],
15 silly audit   '@rollup/rollup-linux-arm-musleabihf': [ '4.52.5' ],
15 silly audit   '@rollup/rollup-linux-arm64-gnu': [ '4.52.5' ],
15 silly audit   '@rollup/rollup-linux-arm64-musl': [ '4.52.5' ],
15 silly audit   '@rollup/rollup-linux-loong64-gnu': [ '4.52.5' ],
15 silly audit   '@rollup/rollup-linux-ppc64-gnu': [ '4.52.5' ],
15 silly audit   '@rollup/rollup-linux-riscv64-gnu': [ '4.52.5' ],
15 silly audit   '@rollup/rollup-linux-riscv64-musl': [ '4.52.5' ],
15 silly audit   '@rollup/rollup-linux-s390x-gnu': [ '4.52.5' ],
15 silly audit   '@rollup/rollup-linux-x64-gnu': [ '4.52.5' ],
15 silly audit   '@rollup/rollup-linux-x64-musl': [ '4.52.5' ],
15 silly audit   '@rollup/rollup-openharmony-arm64': [ '4.52.5' ],
15 silly audit   '@rollup/rollup-win32-arm64-msvc': [ '4.52.5' ],
15 silly audit   '@rollup/rollup-win32-ia32-msvc': [ '4.52.5' ],
15 silly audit   '@rollup/rollup-win32-x64-gnu': [ '4.52.5' ],
15 silly audit   '@rollup/rollup-win32-x64-msvc': [ '4.52.5' ],
15 silly audit   '@sinclair/typebox': [ '0.27.8' ],
15 silly audit   '@sinonjs/commons': [ '3.0.1' ],
15 silly audit   '@sinonjs/fake-timers': [ '10.3.0' ],
15 silly audit   '@storybook/addon-docs': [ '9.1.16' ],
15 silly audit   '@storybook/builder-vite': [ '9.1.16' ],
15 silly audit   '@storybook/csf-plugin': [ '9.1.16' ],
15 silly audit   '@storybook/global': [ '5.0.0' ],
15 silly audit   '@storybook/icons': [ '1.6.0' ],
15 silly audit   '@storybook/react': [ '9.1.16' ],
15 silly audit   '@storybook/react-dom-shim': [ '9.1.16' ],
15 silly audit   '@storybook/react-vite': [ '9.1.16' ],
15 silly audit   'path-exists': [ '5.0.0', '4.0.0' ],
15 silly audit   'yocto-queue': [ '1.2.1', '0.1.0' ],
15 silly audit   '@testing-library/dom': [ '10.4.1' ],
15 silly audit   '@testing-library/jest-dom': [ '6.9.1' ],
15 silly audit   'dom-accessibility-api': [ '0.6.3', '0.5.16' ],
15 silly audit   '@testing-library/react': [ '16.3.0' ],
15 silly audit   '@testing-library/user-event': [ '14.6.1' ],
15 silly audit   '@tootallnate/once': [ '2.0.0' ],
15 silly audit   '@types/aria-query': [ '5.0.4' ],
15 silly audit   '@types/babel__core': [ '7.20.5' ],
15 silly audit   '@types/babel__generator': [ '7.27.0' ],
15 silly audit   '@types/babel__template': [ '7.4.4' ],
15 silly audit   '@types/babel__traverse': [ '7.28.0' ],
15 silly audit   '@types/chai': [ '5.2.3' ],
15 silly audit   '@types/deep-eql': [ '4.0.2' ],
15 silly audit   '@types/doctrine': [ '0.0.9' ],
15 silly audit   '@types/eslint': [ '9.6.1' ],
15 silly audit   '@types/estree': [ '1.0.8' ],
15 silly audit   '@types/graceful-fs': [ '4.1.9' ],
15 silly audit   '@types/istanbul-lib-coverage': [ '2.0.6' ],
15 silly audit   '@types/istanbul-lib-report': [ '3.0.3' ],
15 silly audit   '@types/istanbul-reports': [ '3.0.4' ],
15 silly audit   '@types/jest': [ '29.5.14' ],
15 silly audit   '@types/js-yaml': [ '4.0.9' ],
15 silly audit   '@types/jsdom': [ '20.0.1' ],
15 silly audit   '@types/json-schema': [ '7.0.15' ],
15 silly audit   '@types/mdx': [ '2.0.13' ],
15 silly audit   '@types/node': [ '24.9.2' ],
15 silly audit   '@types/prop-types': [ '15.7.15' ],
15 silly audit   '@types/react': [ '18.3.26' ],
15 silly audit   '@types/react-dom': [ '18.3.7' ],
15 silly audit   '@types/resolve': [ '1.20.6' ],
15 silly audit   '@types/semver': [ '7.7.1' ],
15 silly audit   '@types/stack-utils': [ '2.0.3' ],
15 silly audit   '@types/tough-cookie': [ '4.0.5' ],
15 silly audit   '@types/yargs': [ '17.0.34' ],
15 silly audit   '@types/yargs-parser': [ '21.0.3' ],
15 silly audit   '@typescript-eslint/eslint-plugin': [ '6.21.0' ],
15 silly audit   '@typescript-eslint/parser': [ '6.21.0' ],
15 silly audit   '@typescript-eslint/scope-manager': [ '6.21.0' ],
15 silly audit   '@typescript-eslint/type-utils': [ '6.21.0' ],
15 silly audit   '@typescript-eslint/types': [ '6.21.0' ],
15 silly audit   '@typescript-eslint/typescript-estree': [ '6.21.0' ],
15 silly audit   '@typescript-eslint/utils': [ '6.21.0' ],
15 silly audit   '@typescript-eslint/visitor-keys': [ '6.21.0' ],
15 silly audit   '@ungap/structured-clone': [ '1.3.0' ],
15 silly audit   '@vitejs/plugin-react': [ '4.7.0' ],
15 silly audit   '@vitest/expect': [ '3.2.4' ],
15 silly audit   '@vitest/mocker': [ '3.2.4' ],
15 silly audit   'estree-walker': [ '3.0.3', '2.0.2' ],
15 silly audit   '@vitest/pretty-format': [ '3.2.4' ],
15 silly audit   '@vitest/spy': [ '3.2.4' ],
15 silly audit   '@vitest/utils': [ '3.2.4' ],
15 silly audit   abab: [ '2.0.6' ],
15 silly audit   acorn: [ '8.15.0' ],
15 silly audit   'acorn-globals': [ '7.0.1' ],
15 silly audit   'acorn-jsx': [ '5.3.2' ],
15 silly audit   'acorn-walk': [ '8.3.4' ],
15 silly audit   'agent-base': [ '6.0.2' ],
15 silly audit   ajv: [ '6.12.6' ],
15 silly audit   'ansi-escapes': [ '4.3.2', '7.1.1' ],
15 silly audit   'type-fest': [ '0.21.3', '0.20.2' ],
15 silly audit   anymatch: [ '3.1.3' ],
15 silly audit   'aria-query': [ '5.3.0', '5.3.2' ],
15 silly audit   'array-buffer-byte-length': [ '1.0.2' ],
15 silly audit   'array-includes': [ '3.1.9' ],
15 silly audit   'array-union': [ '2.1.0' ],
15 silly audit   'array.prototype.findlast': [ '1.2.5' ],
15 silly audit   'array.prototype.flat': [ '1.3.3' ],
15 silly audit   'array.prototype.flatmap': [ '1.3.3' ],
15 silly audit   'array.prototype.tosorted': [ '1.1.4' ],
15 silly audit   'arraybuffer.prototype.slice': [ '1.0.4' ],
15 silly audit   'assertion-error': [ '2.0.1' ],
15 silly audit   'ast-types': [ '0.16.1' ],
15 silly audit   'ast-types-flow': [ '0.0.8' ],
15 silly audit   'async-function': [ '1.0.0' ],
15 silly audit   asynckit: [ '0.4.0' ],
15 silly audit   'attr-accept': [ '2.2.5' ],
15 silly audit   'available-typed-arrays': [ '1.0.7' ],
15 silly audit   'axe-core': [ '4.11.0' ],
15 silly audit   'axobject-query': [ '4.1.0' ],
15 silly audit   'babel-jest': [ '29.7.0' ],
15 silly audit   'babel-plugin-istanbul': [ '6.1.1' ],
15 silly audit   'babel-plugin-jest-hoist': [ '29.6.3' ],
15 silly audit   'babel-plugin-polyfill-corejs2': [ '0.4.14' ],
15 silly audit   'babel-plugin-polyfill-corejs3': [ '0.13.0' ],
15 silly audit   'babel-plugin-polyfill-regenerator': [ '0.6.5' ],
15 silly audit   'babel-preset-current-node-syntax': [ '1.2.0' ],
15 silly audit   'babel-preset-jest': [ '29.6.3' ],
15 silly audit   'balanced-match': [ '1.0.2' ],
15 silly audit   'baseline-browser-mapping': [ '2.8.21' ],
15 silly audit   'better-opn': [ '3.0.2' ],
15 silly audit   braces: [ '3.0.3' ],
15 silly audit   browserslist: [ '4.27.0' ],
15 silly audit   bser: [ '2.1.1' ],
15 silly audit   'buffer-from': [ '1.1.2' ],
15 silly audit   'call-bind': [ '1.0.8' ],
15 silly audit   'call-bind-apply-helpers': [ '1.0.2' ],
15 silly audit   'call-bound': [ '1.0.4' ],
15 silly audit   callsites: [ '3.1.0' ],
15 silly audit   camelcase: [ '5.3.1', '6.3.0' ],
15 silly audit   'caniuse-lite': [ '1.0.30001751' ],
15 silly audit   chai: [ '5.3.3' ],
15 silly audit   chalk: [ '4.1.2' ],
15 silly audit   'char-regex': [ '1.0.2' ],
15 silly audit   'check-error': [ '2.1.1' ],
15 silly audit   chokidar: [ '4.0.3' ],
15 silly audit   'ci-info': [ '3.9.0' ],
15 silly audit   'cjs-module-lexer': [ '1.4.3' ],
15 silly audit   'cli-cursor': [ '5.0.0' ],
15 silly audit   'cli-truncate': [ '5.1.1' ],
15 silly audit   'string-width': [ '8.1.0', '4.2.3', '7.2.0', '5.1.2' ],
15 silly audit   cliui: [ '8.0.1' ],
15 silly audit   'emoji-regex': [ '8.0.0', '9.2.2', '10.6.0' ],
15 silly audit   'wrap-ansi': [ '7.0.0', '9.0.2', '8.1.0' ],
15 silly audit   co: [ '4.6.0' ],
15 silly audit   'collect-v8-coverage': [ '1.0.3' ],
15 silly audit   'color-convert': [ '2.0.1' ],
15 silly audit   'color-name': [ '1.1.4' ],
15 silly audit   colorette: [ '2.0.20' ],
15 silly audit   'combined-stream': [ '1.0.8' ],
15 silly audit   commander: [ '2.20.3', '14.0.2' ],
15 silly audit   'concat-map': [ '0.0.1' ],
15 silly audit   'convert-source-map': [ '2.0.0' ],
15 silly audit   'copy-anything': [ '2.0.6' ],
15 silly audit   'core-js-compat': [ '3.46.0' ],
15 silly audit   'create-jest': [ '29.7.0' ],
15 silly audit   'cross-spawn': [ '7.0.6' ],
15 silly audit   'css-jss': [ '10.10.0' ],
15 silly audit   'css-vendor': [ '2.0.8' ],
15 silly audit   'css.escape': [ '1.5.1' ],
15 silly audit   cssom: [ '0.5.0', '0.3.8' ],
15 silly audit   cssstyle: [ '2.3.0' ],
15 silly audit   csstype: [ '3.1.3' ],
15 silly audit   'damerau-levenshtein': [ '1.0.8' ],
15 silly audit   'data-urls': [ '3.0.2' ],
15 silly audit   'data-view-buffer': [ '1.0.2' ],
15 silly audit   'data-view-byte-length': [ '1.0.2' ],
15 silly audit   'data-view-byte-offset': [ '1.0.1' ],
15 silly audit   debug: [ '4.4.3' ],
15 silly audit   'decimal.js': [ '10.6.0' ],
15 silly audit   dedent: [ '1.7.0' ],
15 silly audit   'deep-eql': [ '5.0.2' ],
15 silly audit   'deep-is': [ '0.1.4' ],
15 silly audit   deepmerge: [ '4.3.1' ],
15 silly audit   'define-data-property': [ '1.1.4' ],
15 silly audit   'define-lazy-prop': [ '2.0.0' ],
15 silly audit   'define-properties': [ '1.2.1' ],
15 silly audit   'delayed-stream': [ '1.0.0' ],
15 silly audit   dequal: [ '2.0.3' ],
15 silly audit   'detect-libc': [ '1.0.3' ],
15 silly audit   'detect-newline': [ '3.1.0' ],
15 silly audit   'diff-sequences': [ '29.6.3' ],
15 silly audit   'dir-glob': [ '3.0.1' ],
15 silly audit   doctrine: [ '3.0.0', '2.1.0' ],
15 silly audit   domexception: [ '4.0.0' ],
15 silly audit   'dunder-proto': [ '1.0.1' ],
15 silly audit   eastasianwidth: [ '0.2.0' ],
15 silly audit   'electron-to-chromium': [ '1.5.243' ],
15 silly audit   emittery: [ '0.13.1' ],
15 silly audit   entities: [ '6.0.1' ],
15 silly audit   environment: [ '1.1.0' ],
15 silly audit   errno: [ '0.1.8' ],
15 silly audit   'error-ex': [ '1.3.4' ],
15 silly audit   'es-abstract': [ '1.24.0' ],
15 silly audit   'es-define-property': [ '1.0.1' ],
15 silly audit   'es-errors': [ '1.3.0' ],
15 silly audit   'es-iterator-helpers': [ '1.2.1' ],
15 silly audit   'es-object-atoms': [ '1.1.1' ],
15 silly audit   'es-set-tostringtag': [ '2.1.0' ],
15 silly audit   'es-shim-unscopables': [ '1.1.0' ],
15 silly audit   'es-to-primitive': [ '1.3.0' ],
15 silly audit   'esbuild-register': [ '3.6.0' ],
15 silly audit   escalade: [ '3.2.0' ],
15 silly audit   'escape-string-regexp': [ '4.0.0', '2.0.0' ],
15 silly audit   escodegen: [ '2.1.0' ],
15 silly audit   eslint: [ '8.57.1' ],
15 silly audit   'eslint-config-prettier': [ '9.1.2' ],
15 silly audit   'eslint-plugin-jsx-a11y': [ '6.10.2' ],
15 silly audit   'eslint-plugin-prettier': [ '5.5.4' ],
15 silly audit   'eslint-plugin-react': [ '7.37.5' ],
15 silly audit   'eslint-plugin-react-hooks': [ '4.6.2' ],
15 silly audit   resolve: [ '2.0.0-next.5', '1.22.11' ],
15 silly audit   'eslint-scope': [ '7.2.2' ],
15 silly audit   'eslint-visitor-keys': [ '3.4.3' ],
15 silly audit   espree: [ '9.6.1' ],
15 silly audit   esprima: [ '4.0.1' ],
15 silly audit   esquery: [ '1.6.0' ],
15 silly audit   esrecurse: [ '4.3.0' ],
15 silly audit   estraverse: [ '5.3.0' ],
15 silly audit   esutils: [ '2.0.3' ],
15 silly audit   eventemitter3: [ '5.0.1' ],
15 silly audit   execa: [ '5.1.1' ],
15 silly audit   'signal-exit': [ '3.0.7', '4.1.0' ],
15 silly audit   exit: [ '0.1.2' ],
15 silly audit   expect: [ '29.7.0' ],
15 silly audit   'fast-deep-equal': [ '3.1.3' ],
15 silly audit   'fast-diff': [ '1.3.0' ],
15 silly audit   'fast-glob': [ '3.3.3' ],
15 silly audit   'glob-parent': [ '5.1.2', '6.0.2' ],
15 silly audit   'fast-json-stable-stringify': [ '2.1.0' ],
15 silly audit   'fast-levenshtein': [ '2.0.6' ],
15 silly audit   fastq: [ '1.19.1' ],
15 silly audit   'fb-watchman': [ '2.0.2' ],
15 silly audit   'file-entry-cache': [ '6.0.1' ],
15 silly audit   'file-selector': [ '2.1.2' ],
15 silly audit   'fill-range': [ '7.1.1' ],
15 silly audit   'flat-cache': [ '3.2.0' ],
15 silly audit   flatted: [ '3.3.3' ],
15 silly audit   'focus-trap': [ '7.6.4' ],
15 silly audit   'for-each': [ '0.3.5' ],
15 silly audit   'foreground-child': [ '3.3.1' ],
15 silly audit   'form-data': [ '4.0.4' ],
15 silly audit   'fs.realpath': [ '1.0.0' ],
15 silly audit   fsevents: [ '2.3.3', '2.3.2' ],
15 silly audit   'function-bind': [ '1.1.2' ],
15 silly audit   'function.prototype.name': [ '1.1.8' ],
15 silly audit   'functions-have-names': [ '1.2.3' ],
15 silly audit   'generator-function': [ '2.0.1' ],
15 silly audit   gensync: [ '1.0.0-beta.2' ],
15 silly audit   'get-caller-file': [ '2.0.5' ],
15 silly audit   'get-east-asian-width': [ '1.4.0' ],
15 silly audit   'get-intrinsic': [ '1.3.0' ],
15 silly audit   'get-package-type': [ '0.1.0' ],
15 silly audit   'get-proto': [ '1.0.1' ],
15 silly audit   'get-stream': [ '6.0.1' ],
15 silly audit   'get-symbol-description': [ '1.1.0' ],
15 silly audit   'get-value': [ '4.0.1' ],
15 silly audit   globals: [ '13.24.0' ],
15 silly audit   globalthis: [ '1.0.4' ],
15 silly audit   globby: [ '11.1.0' ],
15 silly audit   gopd: [ '1.2.0' ],
15 silly audit   'graceful-fs': [ '4.2.11' ],
15 silly audit   graphemer: [ '1.4.0' ],
15 silly audit   'harmony-reflect': [ '1.6.2' ],
15 silly audit   'has-bigints': [ '1.1.0' ],
15 silly audit   'has-flag': [ '4.0.0' ],
15 silly audit   'has-property-descriptors': [ '1.0.2' ],
15 silly audit   'has-proto': [ '1.2.0' ],
15 silly audit   'has-symbols': [ '1.1.0' ],
15 silly audit   'has-tostringtag': [ '1.0.2' ],
15 silly audit   hasown: [ '2.0.2' ],
15 silly audit   'hoist-non-react-statics': [ '3.3.2' ],
15 silly audit   'html-encoding-sniffer': [ '3.0.0' ],
15 silly audit   'html-escaper': [ '2.0.2' ],
15 silly audit   'http-proxy-agent': [ '5.0.0' ],
15 silly audit   'https-proxy-agent': [ '5.0.1' ],
15 silly audit   'human-signals': [ '2.1.0' ],
15 silly audit   husky: [ '9.1.7' ],
15 silly audit   'hyphenate-style-name': [ '1.1.0' ],
15 silly audit   'iconv-lite': [ '0.6.3' ],
15 silly audit   'identity-obj-proxy': [ '3.0.0' ],
15 silly audit   ignore: [ '5.3.2' ],
15 silly audit   'image-size': [ '0.5.5' ],
15 silly audit   immutable: [ '5.1.4' ],
15 silly audit   'import-fresh': [ '3.3.1' ],
15 silly audit   'resolve-from': [ '4.0.0', '5.0.0' ],
15 silly audit   'import-local': [ '3.2.0' ],
15 silly audit   'pkg-dir': [ '4.2.0' ],
15 silly audit   imurmurhash: [ '0.1.4' ],
15 silly audit   'indent-string': [ '4.0.0' ],
15 silly audit   inflight: [ '1.0.6' ],
15 silly audit   inherits: [ '2.0.4' ],
15 silly audit   'internal-slot': [ '1.1.0' ],
15 silly audit   'is-array-buffer': [ '3.0.5' ],
15 silly audit   'is-arrayish': [ '0.2.1' ],
15 silly audit   'is-async-function': [ '2.1.1' ],
15 silly audit   'is-bigint': [ '1.1.0' ],
15 silly audit   'is-boolean-object': [ '1.2.2' ],
15 silly audit   'is-callable': [ '1.2.7' ],
15 silly audit   'is-core-module': [ '2.16.1' ],
15 silly audit   'is-data-view': [ '1.0.2' ],
15 silly audit   'is-date-object': [ '1.1.0' ],
15 silly audit   'is-docker': [ '2.2.1' ],
15 silly audit   'is-extglob': [ '2.1.1' ],
15 silly audit   'is-finalizationregistry': [ '1.1.1' ],
15 silly audit   'is-fullwidth-code-point': [ '3.0.0', '5.1.0' ],
15 silly audit   'is-generator-fn': [ '2.1.0' ],
15 silly audit   'is-generator-function': [ '1.1.2' ],
15 silly audit   'is-glob': [ '4.0.3' ],
15 silly audit   'is-in-browser': [ '1.1.3' ],
15 silly audit   'is-map': [ '2.0.3' ],
15 silly audit   'is-negative-zero': [ '2.0.3' ],
15 silly audit   'is-number': [ '7.0.0' ],
15 silly audit   'is-number-object': [ '1.1.1' ],
15 silly audit   'is-path-inside': [ '3.0.3' ],
15 silly audit   'is-plain-object': [ '2.0.4' ],
15 silly audit   'is-potential-custom-element-name': [ '1.0.1' ],
15 silly audit   'is-primitive': [ '3.0.1' ],
15 silly audit   'is-regex': [ '1.2.1' ],
15 silly audit   'is-set': [ '2.0.3' ],
15 silly audit   'is-shared-array-buffer': [ '1.0.4' ],
15 silly audit   'is-stream': [ '2.0.1' ],
15 silly audit   'is-string': [ '1.1.1' ],
15 silly audit   'is-symbol': [ '1.1.1' ],
15 silly audit   'is-typed-array': [ '1.1.15' ],
15 silly audit   'is-weakmap': [ '2.0.2' ],
15 silly audit   'is-weakref': [ '1.1.1' ],
15 silly audit   'is-weakset': [ '2.0.4' ],
15 silly audit   'is-what': [ '3.14.1' ],
15 silly audit   'is-wsl': [ '2.2.0' ],
15 silly audit   isarray: [ '2.0.5' ],
15 silly audit   isexe: [ '2.0.0' ],
15 silly audit   isobject: [ '3.0.1' ],
15 silly audit   'istanbul-lib-coverage': [ '3.2.2' ],
15 silly audit   'istanbul-lib-report': [ '3.0.1' ],
15 silly audit   'make-dir': [ '4.0.0', '2.1.0' ],
15 silly audit   'istanbul-lib-source-maps': [ '4.0.1' ],
15 silly audit   'istanbul-reports': [ '3.2.0' ],
15 silly audit   'iterator.prototype': [ '1.1.5' ],
15 silly audit   jackspeak: [ '3.4.3' ],
15 silly audit   jest: [ '29.7.0' ],
15 silly audit   'jest-changed-files': [ '29.7.0' ],
15 silly audit   'jest-circus': [ '29.7.0' ],
15 silly audit   'jest-cli': [ '29.7.0' ],
15 silly audit   'jest-config': [ '29.7.0' ],
15 silly audit   'jest-diff': [ '29.7.0' ],
15 silly audit   'jest-docblock': [ '29.7.0' ],
15 silly audit   'jest-each': [ '29.7.0' ],
15 silly audit   'jest-environment-jsdom': [ '29.7.0' ],
15 silly audit   'jest-environment-node': [ '29.7.0' ],
15 silly audit   'jest-get-type': [ '29.6.3' ],
15 silly audit   'jest-haste-map': [ '29.7.0' ],
15 silly audit   'jest-leak-detector': [ '29.7.0' ],
15 silly audit   'jest-matcher-utils': [ '29.7.0' ],
15 silly audit   'jest-message-util': [ '29.7.0' ],
15 silly audit   'jest-mock': [ '29.7.0' ],
15 silly audit   'jest-pnp-resolver': [ '1.2.3' ],
15 silly audit   'jest-regex-util': [ '29.6.3' ],
15 silly audit   'jest-resolve': [ '29.7.0' ],
15 silly audit   'jest-resolve-dependencies': [ '29.7.0' ],
15 silly audit   'jest-runner': [ '29.7.0' ],
15 silly audit   'jest-runtime': [ '29.7.0' ],
15 silly audit   'jest-snapshot': [ '29.7.0' ],
15 silly audit   'jest-util': [ '29.7.0' ],
15 silly audit   'jest-validate': [ '29.7.0' ],
15 silly audit   'jest-watcher': [ '29.7.0' ],
15 silly audit   'jest-worker': [ '29.7.0' ],
15 silly audit   'supports-color': [ '8.1.1', '7.2.0' ],
15 silly audit   jiti: [ '1.21.7' ],
15 silly audit   'js-tokens': [ '4.0.0' ],
15 silly audit   jsdom: [ '20.0.3' ],
15 silly audit   jsesc: [ '3.1.0' ],
15 silly audit   'json-buffer': [ '3.0.1' ],
15 silly audit   'json-parse-even-better-errors': [ '2.3.1' ],
15 silly audit   'json-schema-traverse': [ '0.4.1' ],
15 silly audit   'json-stable-stringify-without-jsonify': [ '1.0.1' ],
15 silly audit   json5: [ '2.2.3' ],
15 silly audit   jss: [ '10.10.0' ],
15 silly audit   'jss-plugin-camel-case': [ '10.10.0' ],
15 silly audit   'jss-plugin-compose': [ '10.10.0' ],
15 silly audit   'jss-plugin-default-unit': [ '10.10.0' ],
15 silly audit   'jss-plugin-expand': [ '10.10.0' ],
15 silly audit   'jss-plugin-extend': [ '10.10.0' ],
15 silly audit   'jss-plugin-global': [ '10.10.0' ],
15 silly audit   'jss-plugin-nested': [ '10.10.0' ],
15 silly audit   'jss-plugin-props-sort': [ '10.10.0' ],
15 silly audit   'jss-plugin-rule-value-function': [ '10.10.0' ],
15 silly audit   'jss-plugin-rule-value-observable': [ '10.10.0' ],
15 silly audit   'jss-plugin-template': [ '10.10.0' ],
15 silly audit   'jss-plugin-vendor-prefixer': [ '10.10.0' ],
15 silly audit   'jss-preset-default': [ '10.10.0' ],
15 silly audit   'jsx-ast-utils': [ '3.3.5' ],
15 silly audit   keyv: [ '4.5.4' ],
15 silly audit   kleur: [ '3.0.3' ],
15 silly audit   klona: [ '2.0.6' ],
15 silly audit   'language-subtag-registry': [ '0.3.23' ],
15 silly audit   'language-tags': [ '1.0.9' ],
15 silly audit   less: [ '4.4.2' ],
15 silly audit   leven: [ '3.1.0' ],
15 silly audit   levn: [ '0.4.1' ],
15 silly audit   'lines-and-columns': [ '1.2.4' ],
15 silly audit   'lint-staged': [ '16.2.6' ],
15 silly audit   listr2: [ '9.0.5' ],
15 silly audit   lodash: [ '4.17.21' ],
15 silly audit   'lodash.debounce': [ '4.0.8' ],
15 silly audit   'lodash.merge': [ '4.6.2' ],
15 silly audit   'log-update': [ '6.1.0' ],
15 silly audit   'loose-envify': [ '1.4.0' ],
15 silly audit   loupe: [ '3.2.1' ],
15 silly audit   'lru-cache': [ '5.1.1', '10.4.3' ],
15 silly audit   'lz-string': [ '1.5.0' ],
15 silly audit   'magic-string': [ '0.30.21' ],
15 silly audit   makeerror: [ '1.0.12' ],
15 silly audit   'math-intrinsics': [ '1.1.0' ],
15 silly audit   'merge-stream': [ '2.0.0' ],
15 silly audit   merge2: [ '1.4.1' ],
15 silly audit   micromatch: [ '4.0.8' ],
15 silly audit   mime: [ '1.6.0' ],
15 silly audit   'mime-db': [ '1.52.0' ],
15 silly audit   'mime-types': [ '2.1.35' ],
15 silly audit   'mimic-fn': [ '2.1.0' ],
15 silly audit   'mimic-function': [ '5.0.1' ],
15 silly audit   'min-indent': [ '1.0.1' ],
15 silly audit   minimist: [ '1.2.8' ],
15 silly audit   minipass: [ '7.1.2' ],
15 silly audit   ms: [ '2.1.3' ],
15 silly audit   'nano-spawn': [ '2.0.0' ],
15 silly audit   nanoid: [ '3.3.11' ],
15 silly audit   'natural-compare': [ '1.4.0' ],
15 silly audit   needle: [ '3.3.1' ],
15 silly audit   'node-addon-api': [ '7.1.1' ],
15 silly audit   'node-int64': [ '0.4.0' ],
15 silly audit   'node-releases': [ '2.0.27' ],
15 silly audit   'normalize-path': [ '3.0.0' ],
15 silly audit   'npm-run-path': [ '4.0.1' ],
15 silly audit   nwsapi: [ '2.2.22' ],
15 silly audit   'object-assign': [ '4.1.1' ],
15 silly audit   'object-inspect': [ '1.13.4' ],
15 silly audit   'object-keys': [ '1.1.1' ],
15 silly audit   'object.assign': [ '4.1.7' ],
15 silly audit   'object.entries': [ '1.1.9' ],
15 silly audit   'object.fromentries': [ '2.0.8' ],
15 silly audit   'object.values': [ '1.2.1' ],
15 silly audit   once: [ '1.4.0' ],
15 silly audit   onetime: [ '5.1.2', '7.0.0' ],
15 silly audit   open: [ '8.4.2' ],
15 silly audit   optionator: [ '0.9.4' ],
15 silly audit   'own-keys': [ '1.0.1' ],
15 silly audit   'p-try': [ '2.2.0' ],
15 silly audit   'package-json-from-dist': [ '1.0.1' ],
15 silly audit   'parent-module': [ '1.0.1' ],
15 silly audit   'parse-json': [ '5.2.0' ],
15 silly audit   'parse-node-version': [ '1.0.1' ],
15 silly audit   parse5: [ '7.3.0' ],
15 silly audit   'path-is-absolute': [ '1.0.1' ],
15 silly audit   'path-key': [ '3.1.1' ],
15 silly audit   'path-parse': [ '1.0.7' ],
15 silly audit   'path-scurry': [ '1.11.1' ],
15 silly audit   'path-type': [ '4.0.0' ],
15 silly audit   pathval: [ '2.0.1' ],
15 silly audit   picocolors: [ '1.1.1' ],
15 silly audit   pidtree: [ '0.6.0' ],
15 silly audit   pify: [ '4.0.1' ],
15 silly audit   pirates: [ '4.0.7' ],
15 silly audit   playwright: [ '1.56.1' ],
15 silly audit   'playwright-core': [ '1.56.1' ],
15 silly audit   'possible-typed-array-names': [ '1.1.0' ],
15 silly audit   postcss: [ '8.5.6' ],
15 silly audit   'prelude-ls': [ '1.2.1' ],
15 silly audit   prettier: [ '3.6.2' ],
15 silly audit   'prettier-linter-helpers': [ '1.0.0' ],
15 silly audit   prompts: [ '2.4.2' ],
15 silly audit   'prop-types': [ '15.8.1' ],
15 silly audit   prr: [ '1.0.1' ],
15 silly audit   psl: [ '1.15.0' ],
15 silly audit   punycode: [ '2.3.1' ],
15 silly audit   'pure-rand': [ '6.1.0' ],
15 silly audit   querystringify: [ '2.2.0' ],
15 silly audit   'queue-microtask': [ '1.2.3' ],
15 silly audit   react: [ '18.3.1' ],
15 silly audit   'react-display-name': [ '0.2.5' ],
15 silly audit   'react-docgen': [ '8.0.2' ],
15 silly audit   'react-docgen-typescript': [ '2.4.0' ],
15 silly audit   'react-dom': [ '18.3.1' ],
15 silly audit   'react-dropzone': [ '14.3.8' ],
15 silly audit   'react-jss': [ '10.10.0' ],
15 silly audit   'react-refresh': [ '0.17.0' ],
15 silly audit   readdirp: [ '4.1.2' ],
15 silly audit   recast: [ '0.23.11' ],
15 silly audit   redent: [ '3.0.0' ],
15 silly audit   'strip-indent': [ '3.0.0', '4.1.1' ],
15 silly audit   'reflect.getprototypeof': [ '1.0.10' ],
15 silly audit   regenerate: [ '1.4.2' ],
15 silly audit   'regenerate-unicode-properties': [ '10.2.2' ],
15 silly audit   'regexp.prototype.flags': [ '1.5.4' ],
15 silly audit   'regexpu-core': [ '6.4.0' ],
15 silly audit   regjsgen: [ '0.8.0' ],
15 silly audit   regjsparser: [ '0.13.0' ],
15 silly audit   'require-directory': [ '2.1.1' ],
15 silly audit   'requires-port': [ '1.0.0' ],
15 silly audit   'resize-observer-polyfill': [ '1.5.1' ],
15 silly audit   'resolve-cwd': [ '3.0.0' ],
15 silly audit   'resolve.exports': [ '2.0.3' ],
15 silly audit   'restore-cursor': [ '5.1.0' ],
15 silly audit   reusify: [ '1.1.0' ],
15 silly audit   rfdc: [ '1.4.1' ],
15 silly audit   rimraf: [ '3.0.2' ],
15 silly audit   rollup: [ '4.52.5' ],
15 silly audit   'run-parallel': [ '1.2.0' ],
15 silly audit   'safe-array-concat': [ '1.1.3' ],
15 silly audit   'safe-push-apply': [ '1.0.0' ],
15 silly audit   'safe-regex-test': [ '1.1.0' ],
15 silly audit   'safer-buffer': [ '2.1.2' ],
15 silly audit   sass: [ '1.93.2' ],
15 silly audit   sax: [ '1.4.1' ],
15 silly audit   saxes: [ '6.0.0' ],
15 silly audit   scheduler: [ '0.23.2' ],
15 silly audit   'set-function-length': [ '1.2.2' ],
15 silly audit   'set-function-name': [ '2.0.2' ],
15 silly audit   'set-proto': [ '1.0.0' ],
15 silly audit   'set-value': [ '4.1.0' ],
15 silly audit   'shallow-equal': [ '1.2.1' ],
15 silly audit   'shebang-command': [ '2.0.0' ],
15 silly audit   'shebang-regex': [ '3.0.0' ],
15 silly audit   'side-channel': [ '1.1.0' ],
15 silly audit   'side-channel-list': [ '1.0.0' ],
15 silly audit   'side-channel-map': [ '1.0.1' ],
15 silly audit   'side-channel-weakmap': [ '1.0.2' ],
15 silly audit   sisteransi: [ '1.0.5' ],
15 silly audit   slash: [ '3.0.0' ],
15 silly audit   'slice-ansi': [ '7.1.2' ],
15 silly audit   'source-map': [ '0.6.1' ],
15 silly audit   'source-map-js': [ '1.2.1' ],
15 silly audit   'source-map-support': [ '0.5.13', '0.5.21' ],
15 silly audit   'sprintf-js': [ '1.0.3' ],
15 silly audit   'stack-utils': [ '2.0.6' ],
15 silly audit   'stop-iteration-iterator': [ '1.1.0' ],
15 silly audit   storybook: [ '9.1.16' ],
15 silly audit   'string-argv': [ '0.3.2' ],
15 silly audit   'string-length': [ '4.0.2' ],
15 silly audit   'string.prototype.includes': [ '2.0.1' ],
15 silly audit   'string.prototype.matchall': [ '4.0.12' ],
15 silly audit   'string.prototype.repeat': [ '1.0.0' ],
15 silly audit   'string.prototype.trim': [ '1.2.10' ],
15 silly audit   'string.prototype.trimend': [ '1.0.9' ],
15 silly audit   'string.prototype.trimstart': [ '1.0.8' ],
15 silly audit   'strip-bom': [ '4.0.0', '3.0.0' ],
15 silly audit   'strip-final-newline': [ '2.0.0' ],
15 silly audit   'strip-json-comments': [ '3.1.1' ],
15 silly audit   'supports-preserve-symlinks-flag': [ '1.0.0' ],
15 silly audit   'symbol-observable': [ '1.2.0' ],
15 silly audit   'symbol-tree': [ '3.2.4' ],
15 silly audit   synckit: [ '0.11.11' ],
15 silly audit   tabbable: [ '6.3.0' ],
15 silly audit   terser: [ '5.44.0' ],
15 silly audit   'test-exclude': [ '6.0.0' ],
15 silly audit   'text-table': [ '0.2.0' ],
15 silly audit   theming: [ '3.3.0' ],
15 silly audit   'tiny-invariant': [ '1.3.3' ],
15 silly audit   'tiny-warning': [ '1.0.3' ],
15 silly audit   tinyglobby: [ '0.2.15' ],
15 silly audit   tinyrainbow: [ '2.0.0' ],
15 silly audit   tinyspy: [ '4.0.4' ],
15 silly audit   tmpl: [ '1.0.5' ],
15 silly audit   'to-regex-range': [ '5.0.1' ],
15 silly audit   'tough-cookie': [ '4.1.4' ],
15 silly audit   universalify: [ '0.2.0' ],
15 silly audit   tr46: [ '3.0.0' ],
15 silly audit   'ts-api-utils': [ '1.4.3' ],
15 silly audit   'ts-dedent': [ '2.2.0' ],
15 silly audit   'tsconfig-paths': [ '4.2.0' ],
15 silly audit   tslib: [ '2.8.1' ],
15 silly audit   'type-check': [ '0.4.0' ],
15 silly audit   'type-detect': [ '4.0.8' ],
15 silly audit   'typed-array-buffer': [ '1.0.3' ],
15 silly audit   'typed-array-byte-length': [ '1.0.3' ],
15 silly audit   'typed-array-byte-offset': [ '1.0.4' ],
15 silly audit   'typed-array-length': [ '1.0.7' ],
15 silly audit   typescript: [ '5.9.3' ],
15 silly audit   'unbox-primitive': [ '1.1.0' ],
15 silly audit   'undici-types': [ '7.16.0' ],
15 silly audit   'unicode-canonical-property-names-ecmascript': [ '2.0.1' ],
15 silly audit   'unicode-match-property-ecmascript': [ '2.0.0' ],
15 silly audit   'unicode-match-property-value-ecmascript': [ '2.2.1' ],
15 silly audit   'unicode-property-aliases-ecmascript': [ '2.2.0' ],
15 silly audit   'unicorn-magic': [ '0.1.0' ],
15 silly audit   unplugin: [ '1.16.1' ],
15 silly audit   'update-browserslist-db': [ '1.1.4' ],
15 silly audit   'uri-js': [ '4.4.1' ],
15 silly audit   'url-parse': [ '1.5.10' ],
15 silly audit   'v8-to-istanbul': [ '9.3.0' ],
15 silly audit   'w3c-xmlserializer': [ '4.0.0' ],
15 silly audit   walker: [ '1.0.8' ],
15 silly audit   'webidl-conversions': [ '7.0.0' ],
15 silly audit   'webpack-virtual-modules': [ '0.6.2' ],
15 silly audit   'whatwg-encoding': [ '2.0.0' ],
15 silly audit   'whatwg-mimetype': [ '3.0.0' ],
15 silly audit   'whatwg-url': [ '11.0.0' ],
15 silly audit   which: [ '2.0.2' ],
15 silly audit   'which-boxed-primitive': [ '1.1.1' ],
15 silly audit   'which-builtin-type': [ '1.2.1' ],
15 silly audit   'which-collection': [ '1.0.2' ],
15 silly audit   'which-typed-array': [ '1.1.19' ],
15 silly audit   'word-wrap': [ '1.2.5' ],
15 silly audit   wrappy: [ '1.0.2' ],
15 silly audit   'write-file-atomic': [ '4.0.2' ],
15 silly audit   ws: [ '8.18.3' ],
15 silly audit   'xml-name-validator': [ '4.0.0' ],
15 silly audit   xmlchars: [ '2.2.0' ],
15 silly audit   y18n: [ '5.0.8' ],
15 silly audit   yallist: [ '3.1.1' ],
15 silly audit   yaml: [ '2.8.1' ],
15 silly audit   yargs: [ '17.7.2' ],
15 silly audit   'yargs-parser': [ '21.1.1' ]
15 silly audit }
16 verbose reify failed optional dependency /workspace/node_modules/vite/node_modules/@esbuild/win32-x64
17 silly reify mark deleted [ '/workspace/node_modules/vite/node_modules/@esbuild/win32-x64' ]
18 verbose reify failed optional dependency /workspace/node_modules/vite/node_modules/@esbuild/win32-ia32
19 silly reify mark deleted [ '/workspace/node_modules/vite/node_modules/@esbuild/win32-ia32' ]
20 verbose reify failed optional dependency /workspace/node_modules/vite/node_modules/@esbuild/win32-arm64
21 silly reify mark deleted [ '/workspace/node_modules/vite/node_modules/@esbuild/win32-arm64' ]
22 verbose reify failed optional dependency /workspace/node_modules/vite/node_modules/@esbuild/sunos-x64
23 silly reify mark deleted [ '/workspace/node_modules/vite/node_modules/@esbuild/sunos-x64' ]
24 verbose reify failed optional dependency /workspace/node_modules/vite/node_modules/@esbuild/openbsd-x64
25 silly reify mark deleted [ '/workspace/node_modules/vite/node_modules/@esbuild/openbsd-x64' ]
26 verbose reify failed optional dependency /workspace/node_modules/vite/node_modules/@esbuild/netbsd-x64
27 silly reify mark deleted [ '/workspace/node_modules/vite/node_modules/@esbuild/netbsd-x64' ]
28 verbose reify failed optional dependency /workspace/node_modules/vite/node_modules/@esbuild/linux-s390x
29 silly reify mark deleted [ '/workspace/node_modules/vite/node_modules/@esbuild/linux-s390x' ]
30 verbose reify failed optional dependency /workspace/node_modules/vite/node_modules/@esbuild/linux-riscv64
31 silly reify mark deleted [ '/workspace/node_modules/vite/node_modules/@esbuild/linux-riscv64' ]
32 verbose reify failed optional dependency /workspace/node_modules/vite/node_modules/@esbuild/linux-ppc64
33 silly reify mark deleted [ '/workspace/node_modules/vite/node_modules/@esbuild/linux-ppc64' ]
34 verbose reify failed optional dependency /workspace/node_modules/vite/node_modules/@esbuild/linux-mips64el
35 silly reify mark deleted [ '/workspace/node_modules/vite/node_modules/@esbuild/linux-mips64el' ]
36 verbose reify failed optional dependency /workspace/node_modules/vite/node_modules/@esbuild/linux-loong64
37 silly reify mark deleted [ '/workspace/node_modules/vite/node_modules/@esbuild/linux-loong64' ]
38 verbose reify failed optional dependency /workspace/node_modules/vite/node_modules/@esbuild/linux-ia32
39 silly reify mark deleted [ '/workspace/node_modules/vite/node_modules/@esbuild/linux-ia32' ]
40 verbose reify failed optional dependency /workspace/node_modules/vite/node_modules/@esbuild/linux-arm64
41 silly reify mark deleted [ '/workspace/node_modules/vite/node_modules/@esbuild/linux-arm64' ]
42 verbose reify failed optional dependency /workspace/node_modules/vite/node_modules/@esbuild/linux-arm
43 silly reify mark deleted [ '/workspace/node_modules/vite/node_modules/@esbuild/linux-arm' ]
44 verbose reify failed optional dependency /workspace/node_modules/vite/node_modules/@esbuild/freebsd-x64
45 silly reify mark deleted [ '/workspace/node_modules/vite/node_modules/@esbuild/freebsd-x64' ]
46 verbose reify failed optional dependency /workspace/node_modules/vite/node_modules/@esbuild/freebsd-arm64
47 silly reify mark deleted [ '/workspace/node_modules/vite/node_modules/@esbuild/freebsd-arm64' ]
48 verbose reify failed optional dependency /workspace/node_modules/vite/node_modules/@esbuild/darwin-x64
49 silly reify mark deleted [ '/workspace/node_modules/vite/node_modules/@esbuild/darwin-x64' ]
50 verbose reify failed optional dependency /workspace/node_modules/vite/node_modules/@esbuild/darwin-arm64
51 silly reify mark deleted [ '/workspace/node_modules/vite/node_modules/@esbuild/darwin-arm64' ]
52 verbose reify failed optional dependency /workspace/node_modules/vite/node_modules/@esbuild/android-x64
53 silly reify mark deleted [ '/workspace/node_modules/vite/node_modules/@esbuild/android-x64' ]
54 verbose reify failed optional dependency /workspace/node_modules/vite/node_modules/@esbuild/android-arm64
55 silly reify mark deleted [ '/workspace/node_modules/vite/node_modules/@esbuild/android-arm64' ]
56 verbose reify failed optional dependency /workspace/node_modules/vite/node_modules/@esbuild/android-arm
57 silly reify mark deleted [ '/workspace/node_modules/vite/node_modules/@esbuild/android-arm' ]
58 verbose reify failed optional dependency /workspace/node_modules/vite/node_modules/@esbuild/aix-ppc64
59 silly reify mark deleted [ '/workspace/node_modules/vite/node_modules/@esbuild/aix-ppc64' ]
60 verbose reify failed optional dependency /workspace/node_modules/playwright/node_modules/fsevents
61 silly reify mark deleted [ '/workspace/node_modules/playwright/node_modules/fsevents' ]
62 verbose reify failed optional dependency /workspace/node_modules/fsevents
63 silly reify mark deleted [ '/workspace/node_modules/fsevents' ]
64 verbose reify failed optional dependency /workspace/node_modules/@rollup/rollup-win32-x64-msvc
65 silly reify mark deleted [ '/workspace/node_modules/@rollup/rollup-win32-x64-msvc' ]
66 verbose reify failed optional dependency /workspace/node_modules/@rollup/rollup-win32-x64-gnu
67 silly reify mark deleted [ '/workspace/node_modules/@rollup/rollup-win32-x64-gnu' ]
68 verbose reify failed optional dependency /workspace/node_modules/@rollup/rollup-win32-ia32-msvc
69 silly reify mark deleted [ '/workspace/node_modules/@rollup/rollup-win32-ia32-msvc' ]
70 verbose reify failed optional dependency /workspace/node_modules/@rollup/rollup-win32-arm64-msvc
71 silly reify mark deleted [ '/workspace/node_modules/@rollup/rollup-win32-arm64-msvc' ]
72 verbose reify failed optional dependency /workspace/node_modules/@rollup/rollup-openharmony-arm64
73 silly reify mark deleted [ '/workspace/node_modules/@rollup/rollup-openharmony-arm64' ]
74 verbose reify failed optional dependency /workspace/node_modules/@rollup/rollup-linux-s390x-gnu
75 silly reify mark deleted [ '/workspace/node_modules/@rollup/rollup-linux-s390x-gnu' ]
76 verbose reify failed optional dependency /workspace/node_modules/@rollup/rollup-linux-riscv64-musl
77 silly reify mark deleted [ '/workspace/node_modules/@rollup/rollup-linux-riscv64-musl' ]
78 verbose reify failed optional dependency /workspace/node_modules/@rollup/rollup-linux-riscv64-gnu
79 silly reify mark deleted [ '/workspace/node_modules/@rollup/rollup-linux-riscv64-gnu' ]
80 verbose reify failed optional dependency /workspace/node_modules/@rollup/rollup-linux-ppc64-gnu
81 silly reify mark deleted [ '/workspace/node_modules/@rollup/rollup-linux-ppc64-gnu' ]
82 verbose reify failed optional dependency /workspace/node_modules/@rollup/rollup-linux-loong64-gnu
83 silly reify mark deleted [ '/workspace/node_modules/@rollup/rollup-linux-loong64-gnu' ]
84 verbose reify failed optional dependency /workspace/node_modules/@rollup/rollup-linux-arm64-musl
85 silly reify mark deleted [ '/workspace/node_modules/@rollup/rollup-linux-arm64-musl' ]
86 verbose reify failed optional dependency /workspace/node_modules/@rollup/rollup-linux-arm64-gnu
87 silly reify mark deleted [ '/workspace/node_modules/@rollup/rollup-linux-arm64-gnu' ]
88 verbose reify failed optional dependency /workspace/node_modules/@rollup/rollup-linux-arm-musleabihf
89 silly reify mark deleted [ '/workspace/node_modules/@rollup/rollup-linux-arm-musleabihf' ]
90 verbose reify failed optional dependency /workspace/node_modules/@rollup/rollup-linux-arm-gnueabihf
91 silly reify mark deleted [ '/workspace/node_modules/@rollup/rollup-linux-arm-gnueabihf' ]
92 verbose reify failed optional dependency /workspace/node_modules/@rollup/rollup-freebsd-x64
93 silly reify mark deleted [ '/workspace/node_modules/@rollup/rollup-freebsd-x64' ]
94 verbose reify failed optional dependency /workspace/node_modules/@rollup/rollup-freebsd-arm64
95 silly reify mark deleted [ '/workspace/node_modules/@rollup/rollup-freebsd-arm64' ]
96 verbose reify failed optional dependency /workspace/node_modules/@rollup/rollup-darwin-x64
97 silly reify mark deleted [ '/workspace/node_modules/@rollup/rollup-darwin-x64' ]
98 verbose reify failed optional dependency /workspace/node_modules/@rollup/rollup-darwin-arm64
99 silly reify mark deleted [ '/workspace/node_modules/@rollup/rollup-darwin-arm64' ]
100 verbose reify failed optional dependency /workspace/node_modules/@rollup/rollup-android-arm64
101 silly reify mark deleted [ '/workspace/node_modules/@rollup/rollup-android-arm64' ]
102 verbose reify failed optional dependency /workspace/node_modules/@rollup/rollup-android-arm-eabi
103 silly reify mark deleted [ '/workspace/node_modules/@rollup/rollup-android-arm-eabi' ]
104 verbose reify failed optional dependency /workspace/node_modules/@playwright/experimental-ct-core/node_modules/@esbuild/win32-x64
105 silly reify mark deleted [
105 silly reify   '/workspace/node_modules/@playwright/experimental-ct-core/node_modules/@esbuild/win32-x64'
105 silly reify ]
106 verbose reify failed optional dependency /workspace/node_modules/@playwright/experimental-ct-core/node_modules/@esbuild/win32-ia32
107 silly reify mark deleted [
107 silly reify   '/workspace/node_modules/@playwright/experimental-ct-core/node_modules/@esbuild/win32-ia32'
107 silly reify ]
108 verbose reify failed optional dependency /workspace/node_modules/@playwright/experimental-ct-core/node_modules/@esbuild/win32-arm64
109 silly reify mark deleted [
109 silly reify   '/workspace/node_modules/@playwright/experimental-ct-core/node_modules/@esbuild/win32-arm64'
109 silly reify ]
110 verbose reify failed optional dependency /workspace/node_modules/@playwright/experimental-ct-core/node_modules/@esbuild/sunos-x64
111 silly reify mark deleted [
111 silly reify   '/workspace/node_modules/@playwright/experimental-ct-core/node_modules/@esbuild/sunos-x64'
111 silly reify ]
112 verbose reify failed optional dependency /workspace/node_modules/@playwright/experimental-ct-core/node_modules/@esbuild/openbsd-x64
113 silly reify mark deleted [
113 silly reify   '/workspace/node_modules/@playwright/experimental-ct-core/node_modules/@esbuild/openbsd-x64'
113 silly reify ]
114 verbose reify failed optional dependency /workspace/node_modules/@playwright/experimental-ct-core/node_modules/@esbuild/netbsd-x64
115 silly reify mark deleted [
115 silly reify   '/workspace/node_modules/@playwright/experimental-ct-core/node_modules/@esbuild/netbsd-x64'
115 silly reify ]
116 verbose reify failed optional dependency /workspace/node_modules/@playwright/experimental-ct-core/node_modules/@esbuild/linux-s390x
117 silly reify mark deleted [
117 silly reify   '/workspace/node_modules/@playwright/experimental-ct-core/node_modules/@esbuild/linux-s390x'
117 silly reify ]
118 verbose reify failed optional dependency /workspace/node_modules/@playwright/experimental-ct-core/node_modules/@esbuild/linux-riscv64
119 silly reify mark deleted [
119 silly reify   '/workspace/node_modules/@playwright/experimental-ct-core/node_modules/@esbuild/linux-riscv64'
119 silly reify ]
120 verbose reify failed optional dependency /workspace/node_modules/@playwright/experimental-ct-core/node_modules/@esbuild/linux-ppc64
121 silly reify mark deleted [
121 silly reify   '/workspace/node_modules/@playwright/experimental-ct-core/node_modules/@esbuild/linux-ppc64'
121 silly reify ]
122 verbose reify failed optional dependency /workspace/node_modules/@playwright/experimental-ct-core/node_modules/@esbuild/linux-mips64el
123 silly reify mark deleted [
123 silly reify   '/workspace/node_modules/@playwright/experimental-ct-core/node_modules/@esbuild/linux-mips64el'
123 silly reify ]
124 verbose reify failed optional dependency /workspace/node_modules/@playwright/experimental-ct-core/node_modules/@esbuild/linux-loong64
125 silly reify mark deleted [
125 silly reify   '/workspace/node_modules/@playwright/experimental-ct-core/node_modules/@esbuild/linux-loong64'
125 silly reify ]
126 verbose reify failed optional dependency /workspace/node_modules/@playwright/experimental-ct-core/node_modules/@esbuild/linux-ia32
127 silly reify mark deleted [
127 silly reify   '/workspace/node_modules/@playwright/experimental-ct-core/node_modules/@esbuild/linux-ia32'
127 silly reify ]
128 verbose reify failed optional dependency /workspace/node_modules/@playwright/experimental-ct-core/node_modules/@esbuild/linux-arm64
129 silly reify mark deleted [
129 silly reify   '/workspace/node_modules/@playwright/experimental-ct-core/node_modules/@esbuild/linux-arm64'
129 silly reify ]
130 verbose reify failed optional dependency /workspace/node_modules/@playwright/experimental-ct-core/node_modules/@esbuild/linux-arm
131 silly reify mark deleted [
131 silly reify   '/workspace/node_modules/@playwright/experimental-ct-core/node_modules/@esbuild/linux-arm'
131 silly reify ]
132 verbose reify failed optional dependency /workspace/node_modules/@playwright/experimental-ct-core/node_modules/@esbuild/freebsd-x64
133 silly reify mark deleted [
133 silly reify   '/workspace/node_modules/@playwright/experimental-ct-core/node_modules/@esbuild/freebsd-x64'
133 silly reify ]
134 verbose reify failed optional dependency /workspace/node_modules/@playwright/experimental-ct-core/node_modules/@esbuild/freebsd-arm64
135 silly reify mark deleted [
135 silly reify   '/workspace/node_modules/@playwright/experimental-ct-core/node_modules/@esbuild/freebsd-arm64'
135 silly reify ]
136 verbose reify failed optional dependency /workspace/node_modules/@playwright/experimental-ct-core/node_modules/@esbuild/darwin-x64
137 silly reify mark deleted [
137 silly reify   '/workspace/node_modules/@playwright/experimental-ct-core/node_modules/@esbuild/darwin-x64'
137 silly reify ]
138 verbose reify failed optional dependency /workspace/node_modules/@playwright/experimental-ct-core/node_modules/@esbuild/darwin-arm64
139 silly reify mark deleted [
139 silly reify   '/workspace/node_modules/@playwright/experimental-ct-core/node_modules/@esbuild/darwin-arm64'
139 silly reify ]
140 verbose reify failed optional dependency /workspace/node_modules/@playwright/experimental-ct-core/node_modules/@esbuild/android-x64
141 silly reify mark deleted [
141 silly reify   '/workspace/node_modules/@playwright/experimental-ct-core/node_modules/@esbuild/android-x64'
141 silly reify ]
142 verbose reify failed optional dependency /workspace/node_modules/@playwright/experimental-ct-core/node_modules/@esbuild/android-arm64
143 silly reify mark deleted [
143 silly reify   '/workspace/node_modules/@playwright/experimental-ct-core/node_modules/@esbuild/android-arm64'
143 silly reify ]
144 verbose reify failed optional dependency /workspace/node_modules/@playwright/experimental-ct-core/node_modules/@esbuild/android-arm
145 silly reify mark deleted [
145 silly reify   '/workspace/node_modules/@playwright/experimental-ct-core/node_modules/@esbuild/android-arm'
145 silly reify ]
146 verbose reify failed optional dependency /workspace/node_modules/@parcel/watcher-win32-x64
147 silly reify mark deleted [ '/workspace/node_modules/@parcel/watcher-win32-x64' ]
148 verbose reify failed optional dependency /workspace/node_modules/@parcel/watcher-win32-ia32
149 silly reify mark deleted [ '/workspace/node_modules/@parcel/watcher-win32-ia32' ]
150 verbose reify failed optional dependency /workspace/node_modules/@parcel/watcher-win32-arm64
151 silly reify mark deleted [ '/workspace/node_modules/@parcel/watcher-win32-arm64' ]
152 verbose reify failed optional dependency /workspace/node_modules/@parcel/watcher-linux-arm64-musl
153 silly reify mark deleted [ '/workspace/node_modules/@parcel/watcher-linux-arm64-musl' ]
154 verbose reify failed optional dependency /workspace/node_modules/@parcel/watcher-linux-arm64-glibc
155 silly reify mark deleted [ '/workspace/node_modules/@parcel/watcher-linux-arm64-glibc' ]
156 verbose reify failed optional dependency /workspace/node_modules/@parcel/watcher-linux-arm-musl
157 silly reify mark deleted [ '/workspace/node_modules/@parcel/watcher-linux-arm-musl' ]
158 verbose reify failed optional dependency /workspace/node_modules/@parcel/watcher-linux-arm-glibc
159 silly reify mark deleted [ '/workspace/node_modules/@parcel/watcher-linux-arm-glibc' ]
160 verbose reify failed optional dependency /workspace/node_modules/@parcel/watcher-freebsd-x64
161 silly reify mark deleted [ '/workspace/node_modules/@parcel/watcher-freebsd-x64' ]
162 verbose reify failed optional dependency /workspace/node_modules/@parcel/watcher-darwin-x64
163 silly reify mark deleted [ '/workspace/node_modules/@parcel/watcher-darwin-x64' ]
164 verbose reify failed optional dependency /workspace/node_modules/@parcel/watcher-darwin-arm64
165 silly reify mark deleted [ '/workspace/node_modules/@parcel/watcher-darwin-arm64' ]
166 verbose reify failed optional dependency /workspace/node_modules/@parcel/watcher-android-arm64
167 silly reify mark deleted [ '/workspace/node_modules/@parcel/watcher-android-arm64' ]
168 verbose reify failed optional dependency /workspace/node_modules/@esbuild/win32-x64
169 silly reify mark deleted [ '/workspace/node_modules/@esbuild/win32-x64' ]
170 verbose reify failed optional dependency /workspace/node_modules/@esbuild/win32-ia32
171 silly reify mark deleted [ '/workspace/node_modules/@esbuild/win32-ia32' ]
172 verbose reify failed optional dependency /workspace/node_modules/@esbuild/win32-arm64
173 silly reify mark deleted [ '/workspace/node_modules/@esbuild/win32-arm64' ]
174 verbose reify failed optional dependency /workspace/node_modules/@esbuild/sunos-x64
175 silly reify mark deleted [ '/workspace/node_modules/@esbuild/sunos-x64' ]
176 verbose reify failed optional dependency /workspace/node_modules/@esbuild/openharmony-arm64
177 silly reify mark deleted [ '/workspace/node_modules/@esbuild/openharmony-arm64' ]
178 verbose reify failed optional dependency /workspace/node_modules/@esbuild/openbsd-x64
179 silly reify mark deleted [ '/workspace/node_modules/@esbuild/openbsd-x64' ]
180 verbose reify failed optional dependency /workspace/node_modules/@esbuild/openbsd-arm64
181 silly reify mark deleted [ '/workspace/node_modules/@esbuild/openbsd-arm64' ]
182 verbose reify failed optional dependency /workspace/node_modules/@esbuild/netbsd-x64
183 silly reify mark deleted [ '/workspace/node_modules/@esbuild/netbsd-x64' ]
184 verbose reify failed optional dependency /workspace/node_modules/@esbuild/netbsd-arm64
185 silly reify mark deleted [ '/workspace/node_modules/@esbuild/netbsd-arm64' ]
186 verbose reify failed optional dependency /workspace/node_modules/@esbuild/linux-s390x
187 silly reify mark deleted [ '/workspace/node_modules/@esbuild/linux-s390x' ]
188 verbose reify failed optional dependency /workspace/node_modules/@esbuild/linux-riscv64
189 silly reify mark deleted [ '/workspace/node_modules/@esbuild/linux-riscv64' ]
190 verbose reify failed optional dependency /workspace/node_modules/@esbuild/linux-ppc64
191 silly reify mark deleted [ '/workspace/node_modules/@esbuild/linux-ppc64' ]
192 verbose reify failed optional dependency /workspace/node_modules/@esbuild/linux-mips64el
193 silly reify mark deleted [ '/workspace/node_modules/@esbuild/linux-mips64el' ]
194 verbose reify failed optional dependency /workspace/node_modules/@esbuild/linux-loong64
195 silly reify mark deleted [ '/workspace/node_modules/@esbuild/linux-loong64' ]
196 verbose reify failed optional dependency /workspace/node_modules/@esbuild/linux-ia32
197 silly reify mark deleted [ '/workspace/node_modules/@esbuild/linux-ia32' ]
198 verbose reify failed optional dependency /workspace/node_modules/@esbuild/linux-arm64
199 silly reify mark deleted [ '/workspace/node_modules/@esbuild/linux-arm64' ]
200 verbose reify failed optional dependency /workspace/node_modules/@esbuild/linux-arm
201 silly reify mark deleted [ '/workspace/node_modules/@esbuild/linux-arm' ]
202 verbose reify failed optional dependency /workspace/node_modules/@esbuild/freebsd-x64
203 silly reify mark deleted [ '/workspace/node_modules/@esbuild/freebsd-x64' ]
204 verbose reify failed optional dependency /workspace/node_modules/@esbuild/freebsd-arm64
205 silly reify mark deleted [ '/workspace/node_modules/@esbuild/freebsd-arm64' ]
206 verbose reify failed optional dependency /workspace/node_modules/@esbuild/darwin-x64
207 silly reify mark deleted [ '/workspace/node_modules/@esbuild/darwin-x64' ]
208 verbose reify failed optional dependency /workspace/node_modules/@esbuild/darwin-arm64
209 silly reify mark deleted [ '/workspace/node_modules/@esbuild/darwin-arm64' ]
210 verbose reify failed optional dependency /workspace/node_modules/@esbuild/android-x64
211 silly reify mark deleted [ '/workspace/node_modules/@esbuild/android-x64' ]
212 verbose reify failed optional dependency /workspace/node_modules/@esbuild/android-arm64
213 silly reify mark deleted [ '/workspace/node_modules/@esbuild/android-arm64' ]
214 verbose reify failed optional dependency /workspace/node_modules/@esbuild/android-arm
215 silly reify mark deleted [ '/workspace/node_modules/@esbuild/android-arm' ]
216 verbose reify failed optional dependency /workspace/node_modules/@esbuild/aix-ppc64
217 silly reify mark deleted [ '/workspace/node_modules/@esbuild/aix-ppc64' ]
218 http fetch POST 200 https://registry.npmjs.org/-/npm/v1/security/advisories/bulk 2170ms
219 silly audit report {
219 silly audit report   esbuild: [
219 silly audit report     {
219 silly audit report       id: 1102341,
219 silly audit report       url: 'https://github.com/advisories/GHSA-67mh-4wv8-2f99',
219 silly audit report       title: 'esbuild enables any website to send any requests to the development server and read the response',
219 silly audit report       severity: 'moderate',
219 silly audit report       vulnerable_versions: '<=0.24.2',
219 silly audit report       cwe: [Array],
219 silly audit report       cvss: [Object]
219 silly audit report     }
219 silly audit report   ]
219 silly audit report }
220 silly packumentCache corgi:https://registry.npmjs.org/esbuild cache-miss
221 warn deprecated inflight@1.0.6: This module is not supported, and leaks memory. Do not use it. Check out lru-cache if you want a good and tested way to coalesce async requests by a key value, which is much more comprehensive and powerful.
222 warn deprecated @humanwhocodes/config-array@0.13.0: Use @eslint/config-array instead
223 warn deprecated rimraf@3.0.2: Rimraf versions prior to v4 are no longer supported
224 warn deprecated abab@2.0.6: Use your platform's native atob() and btoa() methods instead
225 warn deprecated @humanwhocodes/object-schema@2.0.3: Use @eslint/object-schema instead
226 warn deprecated glob@7.2.3: Glob versions prior to v9 are no longer supported
227 warn deprecated glob@7.2.3: Glob versions prior to v9 are no longer supported
228 warn deprecated glob@7.2.3: Glob versions prior to v9 are no longer supported
229 warn deprecated glob@7.2.3: Glob versions prior to v9 are no longer supported
230 warn deprecated glob@7.2.3: Glob versions prior to v9 are no longer supported
231 warn deprecated domexception@4.0.0: Use your platform's native DOMException instead
232 http fetch GET 200 https://registry.npmjs.org/esbuild 408ms (cache hit)
233 silly packumentCache corgi:https://registry.npmjs.org/esbuild set size:874529 disposed:false
234 silly packumentCache corgi:https://registry.npmjs.org/esbuild-register cache-miss
235 silly packumentCache corgi:https://registry.npmjs.org/storybook cache-miss
236 silly packumentCache corgi:https://registry.npmjs.org/vite cache-miss
237 http fetch GET 200 https://registry.npmjs.org/esbuild-register 115ms (cache hit)
238 silly packumentCache corgi:https://registry.npmjs.org/esbuild-register set size:52138 disposed:false
239 http fetch GET 200 https://registry.npmjs.org/vite 129ms (cache hit)
240 silly packumentCache corgi:https://registry.npmjs.org/vite set size:2121417 disposed:false
241 http fetch GET 200 https://registry.npmjs.org/storybook 152ms (cache hit)
242 silly packumentCache corgi:https://registry.npmjs.org/storybook set size:4749369 disposed:false
243 silly packumentCache corgi:https://registry.npmjs.org/@joshwooding%2fvite-plugin-react-docgen-typescript cache-miss
244 silly packumentCache corgi:https://registry.npmjs.org/@storybook%2fbuilder-vite cache-miss
245 silly packumentCache corgi:https://registry.npmjs.org/@storybook%2freact-vite cache-miss
246 silly packumentCache corgi:https://registry.npmjs.org/@vitejs%2fplugin-react cache-miss
247 silly packumentCache corgi:https://registry.npmjs.org/@vitest%2fmocker cache-miss
248 http fetch GET 200 https://registry.npmjs.org/@vitejs%2fplugin-react 105ms (cache hit)
249 silly packumentCache corgi:https://registry.npmjs.org/@vitejs%2fplugin-react set size:102396 disposed:false
250 http fetch GET 200 https://registry.npmjs.org/@vitest%2fmocker 114ms (cache hit)
251 silly packumentCache corgi:https://registry.npmjs.org/@vitest%2fmocker set size:79588 disposed:false
252 http fetch GET 200 https://registry.npmjs.org/@joshwooding%2fvite-plugin-react-docgen-typescript 128ms (cache hit)
253 silly packumentCache corgi:https://registry.npmjs.org/@joshwooding%2fvite-plugin-react-docgen-typescript set size:32076 disposed:false
254 http fetch GET 200 https://registry.npmjs.org/@storybook%2freact-vite 146ms (cache hit)
255 silly packumentCache corgi:https://registry.npmjs.org/@storybook%2freact-vite set size:2236143 disposed:false
256 http fetch GET 200 https://registry.npmjs.org/@storybook%2fbuilder-vite 188ms (cache hit)
257 silly packumentCache corgi:https://registry.npmjs.org/@storybook%2fbuilder-vite set size:2467760 disposed:false
258 warn deprecated eslint@8.57.1: This version is no longer supported. Please see https://eslint.org/version-support for other options.
259 info run @parcel/watcher@2.5.1 install node_modules/@parcel/watcher node scripts/build-from-source.js
260 info run @parcel/watcher@2.5.1 install { code: 0, signal: null }
261 info run esbuild@0.18.20 postinstall node_modules/esbuild node install.js
262 info run esbuild@0.25.11 postinstall node_modules/@playwright/experimental-ct-core/node_modules/esbuild node install.js
263 info run esbuild@0.21.5 postinstall node_modules/vite/node_modules/esbuild node install.js
264 info run esbuild@0.18.20 postinstall { code: 0, signal: null }
265 info run esbuild@0.25.11 postinstall { code: 0, signal: null }
266 info run esbuild@0.21.5 postinstall { code: 0, signal: null }
267 silly ADD node_modules/yocto-queue
268 silly ADD node_modules/yargs-parser
269 silly ADD node_modules/yargs
270 silly ADD node_modules/yargs/node_modules/string-width
271 silly ADD node_modules/yargs/node_modules/emoji-regex
272 silly ADD node_modules/yaml
273 silly ADD node_modules/yallist
274 silly ADD node_modules/y18n
275 silly ADD node_modules/xmlchars
276 silly ADD node_modules/xml-name-validator
277 silly ADD node_modules/ws
278 silly ADD node_modules/write-file-atomic
279 silly ADD node_modules/write-file-atomic/node_modules/signal-exit
280 silly ADD node_modules/wrappy
281 silly ADD node_modules/wrap-ansi-cjs
282 silly ADD node_modules/wrap-ansi-cjs/node_modules/string-width
283 silly ADD node_modules/wrap-ansi-cjs/node_modules/emoji-regex
284 silly ADD node_modules/wrap-ansi
285 silly ADD node_modules/wrap-ansi/node_modules/strip-ansi
286 silly ADD node_modules/wrap-ansi/node_modules/ansi-styles
287 silly ADD node_modules/wrap-ansi/node_modules/ansi-regex
288 silly ADD node_modules/word-wrap
289 silly ADD node_modules/which-typed-array
290 silly ADD node_modules/which-collection
291 silly ADD node_modules/which-builtin-type
292 silly ADD node_modules/which-boxed-primitive
293 silly ADD node_modules/which
294 silly ADD node_modules/whatwg-url
295 silly ADD node_modules/whatwg-mimetype
296 silly ADD node_modules/whatwg-encoding
297 silly ADD node_modules/webpack-virtual-modules
298 silly ADD node_modules/webidl-conversions
299 silly ADD node_modules/walker
300 silly ADD node_modules/w3c-xmlserializer
301 silly ADD node_modules/vite
302 silly ADD node_modules/vite/node_modules/esbuild
303 silly ADD
304 silly ADD
305 silly ADD
306 silly ADD
307 silly ADD
308 silly ADD
309 silly ADD node_modules/vite/node_modules/@esbuild/linux-x64
310 silly ADD
311 silly ADD
312 silly ADD
313 silly ADD
314 silly ADD
315 silly ADD
316 silly ADD
317 silly ADD
318 silly ADD
319 silly ADD
320 silly ADD
321 silly ADD
322 silly ADD
323 silly ADD
324 silly ADD
325 silly ADD
326 silly ADD node_modules/v8-to-istanbul
327 silly ADD node_modules/url-parse
328 silly ADD node_modules/uri-js
329 silly ADD node_modules/update-browserslist-db
330 silly ADD node_modules/unplugin
331 silly ADD node_modules/unicorn-magic
332 silly ADD node_modules/unicode-property-aliases-ecmascript
333 silly ADD node_modules/unicode-match-property-value-ecmascript
334 silly ADD node_modules/unicode-match-property-ecmascript
335 silly ADD node_modules/unicode-canonical-property-names-ecmascript
336 silly ADD node_modules/undici-types
337 silly ADD node_modules/unbox-primitive
338 silly ADD node_modules/typescript
339 silly ADD node_modules/typed-array-length
340 silly ADD node_modules/typed-array-byte-offset
341 silly ADD node_modules/typed-array-byte-length
342 silly ADD node_modules/typed-array-buffer
343 silly ADD node_modules/type-detect
344 silly ADD node_modules/type-check
345 silly ADD node_modules/tslib
346 silly ADD node_modules/tsconfig-paths
347 silly ADD node_modules/tsconfig-paths/node_modules/strip-bom
348 silly ADD node_modules/ts-dedent
349 silly ADD node_modules/ts-api-utils
350 silly ADD node_modules/tr46
351 silly ADD node_modules/tough-cookie
352 silly ADD node_modules/tough-cookie/node_modules/universalify
353 silly ADD node_modules/to-regex-range
354 silly ADD node_modules/tmpl
355 silly ADD node_modules/tinyspy
356 silly ADD node_modules/tinyrainbow
357 silly ADD node_modules/tinyglobby
358 silly ADD node_modules/tinyglobby/node_modules/picomatch
359 silly ADD node_modules/tinyglobby/node_modules/fdir
360 silly ADD node_modules/tiny-warning
361 silly ADD node_modules/tiny-invariant
362 silly ADD node_modules/theming
363 silly ADD node_modules/text-table
364 silly ADD node_modules/test-exclude
365 silly ADD node_modules/test-exclude/node_modules/minimatch
366 silly ADD node_modules/test-exclude/node_modules/glob
367 silly ADD node_modules/test-exclude/node_modules/brace-expansion
368 silly ADD node_modules/terser
369 silly ADD node_modules/terser/node_modules/source-map-support
370 silly ADD node_modules/tabbable
371 silly ADD node_modules/synckit
372 silly ADD node_modules/symbol-tree
373 silly ADD node_modules/symbol-observable
374 silly ADD node_modules/supports-preserve-symlinks-flag
375 silly ADD node_modules/supports-color
376 silly ADD node_modules/strip-json-comments
377 silly ADD node_modules/strip-indent
378 silly ADD node_modules/strip-final-newline
379 silly ADD node_modules/strip-bom
380 silly ADD node_modules/strip-ansi-cjs
381 silly ADD node_modules/strip-ansi
382 silly ADD node_modules/string.prototype.trimstart
383 silly ADD node_modules/string.prototype.trimend
384 silly ADD node_modules/string.prototype.trim
385 silly ADD node_modules/string.prototype.repeat
386 silly ADD node_modules/string.prototype.matchall
387 silly ADD node_modules/string.prototype.includes
388 silly ADD node_modules/string-width-cjs
389 silly ADD node_modules/string-width-cjs/node_modules/emoji-regex
390 silly ADD node_modules/string-width
391 silly ADD node_modules/string-width/node_modules/strip-ansi
392 silly ADD node_modules/string-width/node_modules/ansi-regex
393 silly ADD node_modules/string-length
394 silly ADD node_modules/string-argv
395 silly ADD node_modules/storybook
396 silly ADD node_modules/storybook/node_modules/semver
397 silly ADD node_modules/stop-iteration-iterator
398 silly ADD node_modules/stack-utils
399 silly ADD node_modules/stack-utils/node_modules/escape-string-regexp
400 silly ADD node_modules/sprintf-js
401 silly ADD node_modules/source-map-support
402 silly ADD node_modules/source-map-js
403 silly ADD node_modules/source-map
404 silly ADD node_modules/slice-ansi
405 silly ADD node_modules/slice-ansi/node_modules/is-fullwidth-code-point
406 silly ADD node_modules/slice-ansi/node_modules/ansi-styles
407 silly ADD node_modules/slash
408 silly ADD node_modules/sisteransi
409 silly ADD node_modules/signal-exit
410 silly ADD node_modules/side-channel-weakmap
411 silly ADD node_modules/side-channel-map
412 silly ADD node_modules/side-channel-list
413 silly ADD node_modules/side-channel
414 silly ADD node_modules/shebang-regex
415 silly ADD node_modules/shebang-command
416 silly ADD node_modules/shallow-equal
417 silly ADD node_modules/set-value
418 silly ADD node_modules/set-proto
419 silly ADD node_modules/set-function-name
420 silly ADD node_modules/set-function-length
421 silly ADD node_modules/semver
422 silly ADD node_modules/scheduler
423 silly ADD node_modules/saxes
424 silly ADD node_modules/sax
425 silly ADD node_modules/sass
426 silly ADD node_modules/safer-buffer
427 silly ADD node_modules/safe-regex-test
428 silly ADD node_modules/safe-push-apply
429 silly ADD node_modules/safe-array-concat
430 silly ADD node_modules/run-parallel
431 silly ADD node_modules/rollup
432 silly ADD node_modules/rimraf
433 silly ADD node_modules/rimraf/node_modules/minimatch
434 silly ADD node_modules/rimraf/node_modules/glob
435 silly ADD node_modules/rimraf/node_modules/brace-expansion
436 silly ADD node_modules/rfdc
437 silly ADD node_modules/reusify
438 silly ADD node_modules/restore-cursor
439 silly ADD node_modules/restore-cursor/node_modules/signal-exit
440 silly ADD node_modules/restore-cursor/node_modules/onetime
441 silly ADD node_modules/resolve.exports
442 silly ADD node_modules/resolve-from
443 silly ADD node_modules/resolve-cwd
444 silly ADD node_modules/resolve
445 silly ADD node_modules/resize-observer-polyfill
446 silly ADD node_modules/requires-port
447 silly ADD node_modules/require-directory
448 silly ADD node_modules/regjsparser
449 silly ADD node_modules/regjsgen
450 silly ADD node_modules/regexpu-core
451 silly ADD node_modules/regexp.prototype.flags
452 silly ADD node_modules/regenerate-unicode-properties
453 silly ADD node_modules/regenerate
454 silly ADD node_modules/reflect.getprototypeof
455 silly ADD node_modules/redent
456 silly ADD node_modules/redent/node_modules/strip-indent
457 silly ADD node_modules/recast
458 silly ADD node_modules/readdirp
459 silly ADD node_modules/react-refresh
460 silly ADD node_modules/react-jss
461 silly ADD node_modules/react-is
462 silly ADD node_modules/react-dropzone
463 silly ADD node_modules/react-dom
464 silly ADD node_modules/react-docgen-typescript
465 silly ADD node_modules/react-docgen
466 silly ADD node_modules/react-display-name
467 silly ADD node_modules/react
468 silly ADD node_modules/queue-microtask
469 silly ADD node_modules/querystringify
470 silly ADD node_modules/pure-rand
471 silly ADD node_modules/punycode
472 silly ADD node_modules/psl
473 silly ADD node_modules/prr
474 silly ADD node_modules/prop-types
475 silly ADD node_modules/prop-types/node_modules/react-is
476 silly ADD node_modules/prompts
477 silly ADD node_modules/pretty-format
478 silly ADD node_modules/pretty-format/node_modules/ansi-styles
479 silly ADD node_modules/prettier-linter-helpers
480 silly ADD node_modules/prettier
481 silly ADD node_modules/prelude-ls
482 silly ADD node_modules/postcss
483 silly ADD node_modules/possible-typed-array-names
484 silly ADD node_modules/playwright-core
485 silly ADD node_modules/playwright
486 silly ADD
487 silly ADD node_modules/pirates
488 silly ADD node_modules/pify
489 silly ADD node_modules/pidtree
490 silly ADD node_modules/picomatch
491 silly ADD node_modules/picocolors
492 silly ADD node_modules/pathval
493 silly ADD node_modules/path-type
494 silly ADD node_modules/path-scurry
495 silly ADD node_modules/path-scurry/node_modules/lru-cache
496 silly ADD node_modules/path-parse
497 silly ADD node_modules/path-key
498 silly ADD node_modules/path-is-absolute
499 silly ADD node_modules/path-exists
500 silly ADD node_modules/parse5
501 silly ADD node_modules/parse-node-version
502 silly ADD node_modules/parse-json
503 silly ADD node_modules/parent-module
504 silly ADD node_modules/package-json-from-dist
505 silly ADD node_modules/p-try
506 silly ADD node_modules/p-locate
507 silly ADD node_modules/p-limit
508 silly ADD node_modules/own-keys
509 silly ADD node_modules/optionator
510 silly ADD node_modules/open
511 silly ADD node_modules/onetime
512 silly ADD node_modules/once
513 silly ADD node_modules/object.values
514 silly ADD node_modules/object.fromentries
515 silly ADD node_modules/object.entries
516 silly ADD node_modules/object.assign
517 silly ADD node_modules/object-keys
518 silly ADD node_modules/object-inspect
519 silly ADD node_modules/object-assign
520 silly ADD node_modules/nwsapi
521 silly ADD node_modules/npm-run-path
522 silly ADD node_modules/normalize-path
523 silly ADD node_modules/node-releases
524 silly ADD node_modules/node-int64
525 silly ADD node_modules/node-addon-api
526 silly ADD node_modules/needle
527 silly ADD node_modules/natural-compare
528 silly ADD node_modules/nanoid
529 silly ADD node_modules/nano-spawn
530 silly ADD node_modules/ms
531 silly ADD node_modules/minipass
532 silly ADD node_modules/minimist
533 silly ADD node_modules/minimatch
534 silly ADD node_modules/min-indent
535 silly ADD node_modules/mimic-function
536 silly ADD node_modules/mimic-fn
537 silly ADD node_modules/mime-types
538 silly ADD node_modules/mime-db
539 silly ADD node_modules/mime
540 silly ADD node_modules/micromatch
541 silly ADD node_modules/merge2
542 silly ADD node_modules/merge-stream
543 silly ADD node_modules/math-intrinsics
544 silly ADD node_modules/makeerror
545 silly ADD node_modules/magic-string
546 silly ADD node_modules/lz-string
547 silly ADD node_modules/lru-cache
548 silly ADD node_modules/loupe
549 silly ADD node_modules/loose-envify
550 silly ADD node_modules/log-update
551 silly ADD node_modules/log-update/node_modules/wrap-ansi
552 silly ADD node_modules/log-update/node_modules/strip-ansi
553 silly ADD node_modules/log-update/node_modules/string-width
554 silly ADD node_modules/log-update/node_modules/emoji-regex
555 silly ADD node_modules/log-update/node_modules/ansi-styles
556 silly ADD node_modules/log-update/node_modules/ansi-regex
557 silly ADD node_modules/log-update/node_modules/ansi-escapes
558 silly ADD node_modules/lodash.merge
559 silly ADD node_modules/lodash.debounce
560 silly ADD node_modules/lodash
561 silly ADD node_modules/locate-path
562 silly ADD node_modules/listr2
563 silly ADD node_modules/listr2/node_modules/wrap-ansi
564 silly ADD node_modules/listr2/node_modules/strip-ansi
565 silly ADD node_modules/listr2/node_modules/string-width
566 silly ADD node_modules/listr2/node_modules/emoji-regex
567 silly ADD node_modules/listr2/node_modules/ansi-styles
568 silly ADD node_modules/listr2/node_modules/ansi-regex
569 silly ADD node_modules/lint-staged
570 silly ADD node_modules/lint-staged/node_modules/commander
571 silly ADD node_modules/lines-and-columns
572 silly ADD node_modules/levn
573 silly ADD node_modules/leven
574 silly ADD node_modules/less
575 silly ADD node_modules/less/node_modules/semver
576 silly ADD node_modules/less/node_modules/make-dir
577 silly ADD node_modules/language-tags
578 silly ADD node_modules/language-subtag-registry
579 silly ADD node_modules/klona
580 silly ADD node_modules/kleur
581 silly ADD node_modules/keyv
582 silly ADD node_modules/jsx-ast-utils
583 silly ADD node_modules/jss-preset-default
584 silly ADD node_modules/jss-plugin-vendor-prefixer
585 silly ADD node_modules/jss-plugin-template
586 silly ADD node_modules/jss-plugin-rule-value-observable
587 silly ADD node_modules/jss-plugin-rule-value-function
588 silly ADD node_modules/jss-plugin-props-sort
589 silly ADD node_modules/jss-plugin-nested
590 silly ADD node_modules/jss-plugin-global
591 silly ADD node_modules/jss-plugin-extend
592 silly ADD node_modules/jss-plugin-expand
593 silly ADD node_modules/jss-plugin-default-unit
594 silly ADD node_modules/jss-plugin-compose
595 silly ADD node_modules/jss-plugin-camel-case
596 silly ADD node_modules/jss
597 silly ADD node_modules/json5
598 silly ADD node_modules/json-stable-stringify-without-jsonify
599 silly ADD node_modules/json-schema-traverse
600 silly ADD node_modules/json-parse-even-better-errors
601 silly ADD node_modules/json-buffer
602 silly ADD node_modules/jsesc
603 silly ADD node_modules/jsdom
604 silly ADD node_modules/js-yaml
605 silly ADD node_modules/js-tokens
606 silly ADD node_modules/jiti
607 silly ADD node_modules/jest-worker
608 silly ADD node_modules/jest-worker/node_modules/supports-color
609 silly ADD node_modules/jest-watcher
610 silly ADD node_modules/jest-validate
611 silly ADD node_modules/jest-validate/node_modules/react-is
612 silly ADD node_modules/jest-validate/node_modules/pretty-format
613 silly ADD node_modules/jest-validate/node_modules/camelcase
614 silly ADD node_modules/jest-validate/node_modules/ansi-styles
615 silly ADD node_modules/jest-util
616 silly ADD node_modules/jest-snapshot
617 silly ADD node_modules/jest-snapshot/node_modules/semver
618 silly ADD node_modules/jest-snapshot/node_modules/react-is
619 silly ADD node_modules/jest-snapshot/node_modules/pretty-format
620 silly ADD node_modules/jest-snapshot/node_modules/ansi-styles
621 silly ADD node_modules/jest-runtime
622 silly ADD node_modules/jest-runtime/node_modules/minimatch
623 silly ADD node_modules/jest-runtime/node_modules/glob
624 silly ADD node_modules/jest-runtime/node_modules/brace-expansion
625 silly ADD node_modules/jest-runner
626 silly ADD node_modules/jest-resolve-dependencies
627 silly ADD node_modules/jest-resolve
628 silly ADD node_modules/jest-regex-util
629 silly ADD node_modules/jest-pnp-resolver
630 silly ADD node_modules/jest-mock
631 silly ADD node_modules/jest-message-util
632 silly ADD node_modules/jest-message-util/node_modules/react-is
633 silly ADD node_modules/jest-message-util/node_modules/pretty-format
634 silly ADD node_modules/jest-message-util/node_modules/ansi-styles
635 silly ADD node_modules/jest-matcher-utils
636 silly ADD node_modules/jest-matcher-utils/node_modules/react-is
637 silly ADD node_modules/jest-matcher-utils/node_modules/pretty-format
638 silly ADD node_modules/jest-matcher-utils/node_modules/ansi-styles
639 silly ADD node_modules/jest-leak-detector
640 silly ADD node_modules/jest-leak-detector/node_modules/react-is
641 silly ADD node_modules/jest-leak-detector/node_modules/pretty-format
642 silly ADD node_modules/jest-leak-detector/node_modules/ansi-styles
643 silly ADD node_modules/jest-haste-map
644 silly ADD node_modules/jest-get-type
645 silly ADD node_modules/jest-environment-node
646 silly ADD node_modules/jest-environment-jsdom
647 silly ADD node_modules/jest-each
648 silly ADD node_modules/jest-each/node_modules/react-is
649 silly ADD node_modules/jest-each/node_modules/pretty-format
650 silly ADD node_modules/jest-each/node_modules/ansi-styles
651 silly ADD node_modules/jest-docblock
652 silly ADD node_modules/jest-diff
653 silly ADD node_modules/jest-diff/node_modules/react-is
654 silly ADD node_modules/jest-diff/node_modules/pretty-format
655 silly ADD node_modules/jest-diff/node_modules/ansi-styles
656 silly ADD node_modules/jest-config
657 silly ADD node_modules/jest-config/node_modules/react-is
658 silly ADD node_modules/jest-config/node_modules/pretty-format
659 silly ADD node_modules/jest-config/node_modules/minimatch
660 silly ADD node_modules/jest-config/node_modules/glob
661 silly ADD node_modules/jest-config/node_modules/brace-expansion
662 silly ADD node_modules/jest-config/node_modules/ansi-styles
663 silly ADD node_modules/jest-cli
664 silly ADD node_modules/jest-circus
665 silly ADD node_modules/jest-circus/node_modules/react-is
666 silly ADD node_modules/jest-circus/node_modules/pretty-format
667 silly ADD node_modules/jest-circus/node_modules/ansi-styles
668 silly ADD node_modules/jest-changed-files
669 silly ADD node_modules/jest
670 silly ADD node_modules/jackspeak
671 silly ADD node_modules/iterator.prototype
672 silly ADD node_modules/istanbul-reports
673 silly ADD node_modules/istanbul-lib-source-maps
674 silly ADD node_modules/istanbul-lib-report
675 silly ADD node_modules/istanbul-lib-report/node_modules/semver
676 silly ADD node_modules/istanbul-lib-report/node_modules/make-dir
677 silly ADD node_modules/istanbul-lib-instrument
678 silly ADD node_modules/istanbul-lib-coverage
679 silly ADD node_modules/isobject
680 silly ADD node_modules/isexe
681 silly ADD node_modules/isarray
682 silly ADD node_modules/is-wsl
683 silly ADD node_modules/is-what
684 silly ADD node_modules/is-weakset
685 silly ADD node_modules/is-weakref
686 silly ADD node_modules/is-weakmap
687 silly ADD node_modules/is-typed-array
688 silly ADD node_modules/is-symbol
689 silly ADD node_modules/is-string
690 silly ADD node_modules/is-stream
691 silly ADD node_modules/is-shared-array-buffer
692 silly ADD node_modules/is-set
693 silly ADD node_modules/is-regex
694 silly ADD node_modules/is-primitive
695 silly ADD node_modules/is-potential-custom-element-name
696 silly ADD node_modules/is-plain-object
697 silly ADD node_modules/is-path-inside
698 silly ADD node_modules/is-number-object
699 silly ADD node_modules/is-number
700 silly ADD node_modules/is-negative-zero
701 silly ADD node_modules/is-map
702 silly ADD node_modules/is-in-browser
703 silly ADD node_modules/is-glob
704 silly ADD node_modules/is-generator-function
705 silly ADD node_modules/is-generator-fn
706 silly ADD node_modules/is-fullwidth-code-point
707 silly ADD node_modules/is-finalizationregistry
708 silly ADD node_modules/is-extglob
709 silly ADD node_modules/is-docker
710 silly ADD node_modules/is-date-object
711 silly ADD node_modules/is-data-view
712 silly ADD node_modules/is-core-module
713 silly ADD node_modules/is-callable
714 silly ADD node_modules/is-boolean-object
715 silly ADD node_modules/is-bigint
716 silly ADD node_modules/is-async-function
717 silly ADD node_modules/is-arrayish
718 silly ADD node_modules/is-array-buffer
719 silly ADD node_modules/internal-slot
720 silly ADD node_modules/inherits
721 silly ADD node_modules/inflight
722 silly ADD node_modules/indent-string
723 silly ADD node_modules/imurmurhash
724 silly ADD node_modules/import-local
725 silly ADD node_modules/import-local/node_modules/pkg-dir
726 silly ADD node_modules/import-local/node_modules/p-locate
727 silly ADD node_modules/import-local/node_modules/p-limit
728 silly ADD node_modules/import-local/node_modules/locate-path
729 silly ADD node_modules/import-local/node_modules/find-up
730 silly ADD node_modules/import-fresh
731 silly ADD node_modules/import-fresh/node_modules/resolve-from
732 silly ADD node_modules/immutable
733 silly ADD node_modules/image-size
734 silly ADD node_modules/ignore
735 silly ADD node_modules/identity-obj-proxy
736 silly ADD node_modules/iconv-lite
737 silly ADD node_modules/hyphenate-style-name
738 silly ADD node_modules/husky
739 silly ADD node_modules/human-signals
740 silly ADD node_modules/https-proxy-agent
741 silly ADD node_modules/http-proxy-agent
742 silly ADD node_modules/html-escaper
743 silly ADD node_modules/html-encoding-sniffer
744 silly ADD node_modules/hoist-non-react-statics
745 silly ADD node_modules/hoist-non-react-statics/node_modules/react-is
746 silly ADD node_modules/hasown
747 silly ADD node_modules/has-tostringtag
748 silly ADD node_modules/has-symbols
749 silly ADD node_modules/has-proto
750 silly ADD node_modules/has-property-descriptors
751 silly ADD node_modules/has-flag
752 silly ADD node_modules/has-bigints
753 silly ADD node_modules/harmony-reflect
754 silly ADD node_modules/graphemer
755 silly ADD node_modules/graceful-fs
756 silly ADD node_modules/gopd
757 silly ADD node_modules/globby
758 silly ADD node_modules/globalthis
759 silly ADD node_modules/globals
760 silly ADD node_modules/globals/node_modules/type-fest
761 silly ADD node_modules/glob-parent
762 silly ADD node_modules/glob
763 silly ADD node_modules/glob/node_modules/minimatch
764 silly ADD node_modules/get-value
765 silly ADD node_modules/get-symbol-description
766 silly ADD node_modules/get-stream
767 silly ADD node_modules/get-proto
768 silly ADD node_modules/get-package-type
769 silly ADD node_modules/get-intrinsic
770 silly ADD node_modules/get-east-asian-width
771 silly ADD node_modules/get-caller-file
772 silly ADD node_modules/gensync
773 silly ADD node_modules/generator-function
774 silly ADD node_modules/functions-have-names
775 silly ADD node_modules/function.prototype.name
776 silly ADD node_modules/function-bind
777 silly ADD
778 silly ADD node_modules/fs.realpath
779 silly ADD node_modules/form-data
780 silly ADD node_modules/foreground-child
781 silly ADD node_modules/for-each
782 silly ADD node_modules/focus-trap
783 silly ADD node_modules/flatted
784 silly ADD node_modules/flat-cache
785 silly ADD node_modules/find-up
786 silly ADD node_modules/fill-range
787 silly ADD node_modules/file-selector
788 silly ADD node_modules/file-entry-cache
789 silly ADD node_modules/fb-watchman
790 silly ADD node_modules/fastq
791 silly ADD node_modules/fast-levenshtein
792 silly ADD node_modules/fast-json-stable-stringify
793 silly ADD node_modules/fast-glob
794 silly ADD node_modules/fast-glob/node_modules/glob-parent
795 silly ADD node_modules/fast-diff
796 silly ADD node_modules/fast-deep-equal
797 silly ADD node_modules/expect
798 silly ADD node_modules/exit
799 silly ADD node_modules/execa
800 silly ADD node_modules/execa/node_modules/signal-exit
801 silly ADD node_modules/eventemitter3
802 silly ADD node_modules/esutils
803 silly ADD node_modules/estree-walker
804 silly ADD node_modules/estraverse
805 silly ADD node_modules/esrecurse
806 silly ADD node_modules/esquery
807 silly ADD node_modules/esprima
808 silly ADD node_modules/espree
809 silly ADD node_modules/eslint-visitor-keys
810 silly ADD node_modules/eslint-scope
811 silly ADD node_modules/eslint-plugin-react-hooks
812 silly ADD node_modules/eslint-plugin-react
813 silly ADD node_modules/eslint-plugin-react/node_modules/resolve
814 silly ADD node_modules/eslint-plugin-react/node_modules/minimatch
815 silly ADD node_modules/eslint-plugin-react/node_modules/doctrine
816 silly ADD node_modules/eslint-plugin-react/node_modules/brace-expansion
817 silly ADD node_modules/eslint-plugin-prettier
818 silly ADD node_modules/eslint-plugin-jsx-a11y
819 silly ADD node_modules/eslint-plugin-jsx-a11y/node_modules/minimatch
820 silly ADD node_modules/eslint-plugin-jsx-a11y/node_modules/brace-expansion
821 silly ADD node_modules/eslint-plugin-jsx-a11y/node_modules/aria-query
822 silly ADD node_modules/eslint-config-prettier
823 silly ADD node_modules/eslint
824 silly ADD node_modules/eslint/node_modules/minimatch
825 silly ADD node_modules/eslint/node_modules/brace-expansion
826 silly ADD node_modules/escodegen
827 silly ADD node_modules/escape-string-regexp
828 silly ADD node_modules/escalade
829 silly ADD node_modules/esbuild-register
830 silly ADD node_modules/esbuild
831 silly ADD node_modules/es-to-primitive
832 silly ADD node_modules/es-shim-unscopables
833 silly ADD node_modules/es-set-tostringtag
834 silly ADD node_modules/es-object-atoms
835 silly ADD node_modules/es-iterator-helpers
836 silly ADD node_modules/es-errors
837 silly ADD node_modules/es-define-property
838 silly ADD node_modules/es-abstract
839 silly ADD node_modules/error-ex
840 silly ADD node_modules/errno
841 silly ADD node_modules/environment
842 silly ADD node_modules/entities
843 silly ADD node_modules/emoji-regex
844 silly ADD node_modules/emittery
845 silly ADD node_modules/electron-to-chromium
846 silly ADD node_modules/eastasianwidth
847 silly ADD node_modules/dunder-proto
848 silly ADD node_modules/domexception
849 silly ADD node_modules/dom-accessibility-api
850 silly ADD node_modules/doctrine
851 silly ADD node_modules/dir-glob
852 silly ADD node_modules/diff-sequences
853 silly ADD node_modules/detect-newline
854 silly ADD node_modules/detect-libc
855 silly ADD node_modules/dequal
856 silly ADD node_modules/delayed-stream
857 silly ADD node_modules/define-properties
858 silly ADD node_modules/define-lazy-prop
859 silly ADD node_modules/define-data-property
860 silly ADD node_modules/deepmerge
861 silly ADD node_modules/deep-is
862 silly ADD node_modules/deep-eql
863 silly ADD node_modules/dedent
864 silly ADD node_modules/decimal.js
865 silly ADD node_modules/debug
866 silly ADD node_modules/data-view-byte-offset
867 silly ADD node_modules/data-view-byte-length
868 silly ADD node_modules/data-view-buffer
869 silly ADD node_modules/data-urls
870 silly ADD node_modules/damerau-levenshtein
871 silly ADD node_modules/csstype
872 silly ADD node_modules/cssstyle
873 silly ADD node_modules/cssstyle/node_modules/cssom
874 silly ADD node_modules/cssom
875 silly ADD node_modules/css.escape
876 silly ADD node_modules/css-vendor
877 silly ADD node_modules/css-jss
878 silly ADD node_modules/cross-spawn
879 silly ADD node_modules/create-jest
880 silly ADD node_modules/core-js-compat
881 silly ADD node_modules/copy-anything
882 silly ADD node_modules/convert-source-map
883 silly ADD node_modules/concat-map
884 silly ADD node_modules/commander
885 silly ADD node_modules/combined-stream
886 silly ADD node_modules/colorette
887 silly ADD node_modules/color-name
888 silly ADD node_modules/color-convert
889 silly ADD node_modules/collect-v8-coverage
890 silly ADD node_modules/co
891 silly ADD node_modules/cliui
892 silly ADD node_modules/cliui/node_modules/wrap-ansi
893 silly ADD node_modules/cliui/node_modules/string-width
894 silly ADD node_modules/cliui/node_modules/emoji-regex
895 silly ADD node_modules/cli-truncate
896 silly ADD node_modules/cli-truncate/node_modules/strip-ansi
897 silly ADD node_modules/cli-truncate/node_modules/string-width
898 silly ADD node_modules/cli-truncate/node_modules/ansi-regex
899 silly ADD node_modules/cli-cursor
900 silly ADD node_modules/cjs-module-lexer
901 silly ADD node_modules/ci-info
902 silly ADD node_modules/chokidar
903 silly ADD node_modules/check-error
904 silly ADD node_modules/char-regex
905 silly ADD node_modules/chalk
906 silly ADD node_modules/chai
907 silly ADD node_modules/caniuse-lite
908 silly ADD node_modules/camelcase
909 silly ADD node_modules/callsites
910 silly ADD node_modules/call-bound
911 silly ADD node_modules/call-bind-apply-helpers
912 silly ADD node_modules/call-bind
913 silly ADD node_modules/buffer-from
914 silly ADD node_modules/bser
915 silly ADD node_modules/browserslist
916 silly ADD node_modules/braces
917 silly ADD node_modules/brace-expansion
918 silly ADD node_modules/better-opn
919 silly ADD node_modules/baseline-browser-mapping
920 silly ADD node_modules/balanced-match
921 silly ADD node_modules/babel-preset-jest
922 silly ADD node_modules/babel-preset-current-node-syntax
923 silly ADD node_modules/babel-plugin-polyfill-regenerator
924 silly ADD node_modules/babel-plugin-polyfill-corejs3
925 silly ADD node_modules/babel-plugin-polyfill-corejs2
926 silly ADD node_modules/babel-plugin-jest-hoist
927 silly ADD node_modules/babel-plugin-istanbul
928 silly ADD node_modules/babel-jest
929 silly ADD node_modules/axobject-query
930 silly ADD node_modules/axe-core
931 silly ADD node_modules/available-typed-arrays
932 silly ADD node_modules/attr-accept
933 silly ADD node_modules/asynckit
934 silly ADD node_modules/async-function
935 silly ADD node_modules/ast-types-flow
936 silly ADD node_modules/ast-types
937 silly ADD node_modules/assertion-error
938 silly ADD node_modules/arraybuffer.prototype.slice
939 silly ADD node_modules/array.prototype.tosorted
940 silly ADD node_modules/array.prototype.flatmap
941 silly ADD node_modules/array.prototype.flat
942 silly ADD node_modules/array.prototype.findlast
943 silly ADD node_modules/array-union
944 silly ADD node_modules/array-includes
945 silly ADD node_modules/array-buffer-byte-length
946 silly ADD node_modules/aria-query
947 silly ADD node_modules/argparse
948 silly ADD node_modules/anymatch
949 silly ADD node_modules/ansi-styles
950 silly ADD node_modules/ansi-regex
951 silly ADD node_modules/ansi-escapes
952 silly ADD node_modules/ansi-escapes/node_modules/type-fest
953 silly ADD node_modules/ajv
954 silly ADD node_modules/agent-base
955 silly ADD node_modules/acorn-walk
956 silly ADD node_modules/acorn-jsx
957 silly ADD node_modules/acorn-globals
958 silly ADD node_modules/acorn
959 silly ADD node_modules/abab
960 silly ADD node_modules/@vitest/utils
961 silly ADD node_modules/@vitest/spy
962 silly ADD node_modules/@vitest/pretty-format
963 silly ADD node_modules/@vitest/mocker
964 silly ADD node_modules/@vitest/mocker/node_modules/estree-walker
965 silly ADD node_modules/@vitest/expect
966 silly ADD node_modules/@vitejs/plugin-react
967 silly ADD node_modules/@ungap/structured-clone
968 silly ADD node_modules/@typescript-eslint/visitor-keys
969 silly ADD node_modules/@typescript-eslint/utils
970 silly ADD node_modules/@typescript-eslint/utils/node_modules/semver
971 silly ADD node_modules/@typescript-eslint/typescript-estree
972 silly ADD node_modules/@typescript-eslint/typescript-estree/node_modules/semver
973 silly ADD node_modules/@typescript-eslint/types
974 silly ADD node_modules/@typescript-eslint/type-utils
975 silly ADD node_modules/@typescript-eslint/scope-manager
976 silly ADD node_modules/@typescript-eslint/parser
977 silly ADD node_modules/@typescript-eslint/eslint-plugin
978 silly ADD node_modules/@typescript-eslint/eslint-plugin/node_modules/semver
979 silly ADD node_modules/@types/yargs-parser
980 silly ADD node_modules/@types/yargs
981 silly ADD node_modules/@types/tough-cookie
982 silly ADD node_modules/@types/stack-utils
983 silly ADD node_modules/@types/semver
984 silly ADD node_modules/@types/resolve
985 silly ADD node_modules/@types/react-dom
986 silly ADD node_modules/@types/react
987 silly ADD node_modules/@types/prop-types
988 silly ADD node_modules/@types/node
989 silly ADD node_modules/@types/mdx
990 silly ADD node_modules/@types/json-schema
991 silly ADD node_modules/@types/jsdom
992 silly ADD node_modules/@types/js-yaml
993 silly ADD node_modules/@types/jest
994 silly ADD node_modules/@types/jest/node_modules/react-is
995 silly ADD node_modules/@types/jest/node_modules/pretty-format
996 silly ADD node_modules/@types/jest/node_modules/ansi-styles
997 silly ADD node_modules/@types/istanbul-reports
998 silly ADD node_modules/@types/istanbul-lib-report
999 silly ADD node_modules/@types/istanbul-lib-coverage
1000 silly ADD node_modules/@types/graceful-fs
1001 silly ADD node_modules/@types/estree
1002 silly ADD node_modules/@types/eslint
1003 silly ADD node_modules/@types/doctrine
1004 silly ADD node_modules/@types/deep-eql
1005 silly ADD node_modules/@types/chai
1006 silly ADD node_modules/@types/babel__traverse
1007 silly ADD node_modules/@types/babel__template
1008 silly ADD node_modules/@types/babel__generator
1009 silly ADD node_modules/@types/babel__core
1010 silly ADD node_modules/@types/aria-query
1011 silly ADD node_modules/@tootallnate/once
1012 silly ADD node_modules/@testing-library/user-event
1013 silly ADD node_modules/@testing-library/react
1014 silly ADD node_modules/@testing-library/jest-dom
1015 silly ADD node_modules/@testing-library/jest-dom/node_modules/dom-accessibility-api
1016 silly ADD node_modules/@testing-library/dom
1017 silly ADD node_modules/@storybook/react-vite
1018 silly ADD node_modules/@storybook/react-vite/node_modules/yocto-queue
1019 silly ADD node_modules/@storybook/react-vite/node_modules/path-exists
1020 silly ADD node_modules/@storybook/react-vite/node_modules/p-locate
1021 silly ADD node_modules/@storybook/react-vite/node_modules/p-limit
1022 silly ADD node_modules/@storybook/react-vite/node_modules/locate-path
1023 silly ADD node_modules/@storybook/react-vite/node_modules/find-up
1024 silly ADD node_modules/@storybook/react-dom-shim
1025 silly ADD node_modules/@storybook/react
1026 silly ADD node_modules/@storybook/icons
1027 silly ADD node_modules/@storybook/global
1028 silly ADD node_modules/@storybook/csf-plugin
1029 silly ADD node_modules/@storybook/builder-vite
1030 silly ADD node_modules/@storybook/addon-docs
1031 silly ADD node_modules/@sinonjs/fake-timers
1032 silly ADD node_modules/@sinonjs/commons
1033 silly ADD node_modules/@sinclair/typebox
1034 silly ADD
1035 silly ADD
1036 silly ADD
1037 silly ADD
1038 silly ADD
1039 silly ADD node_modules/@rollup/rollup-linux-x64-musl
1040 silly ADD node_modules/@rollup/rollup-linux-x64-gnu
1041 silly ADD
1042 silly ADD
1043 silly ADD
1044 silly ADD
1045 silly ADD
1046 silly ADD
1047 silly ADD
1048 silly ADD
1049 silly ADD
1050 silly ADD
1051 silly ADD
1052 silly ADD
1053 silly ADD
1054 silly ADD
1055 silly ADD
1056 silly ADD node_modules/@rollup/pluginutils
1057 silly ADD node_modules/@rollup/pluginutils/node_modules/picomatch
1058 silly ADD node_modules/@rolldown/pluginutils
1059 silly ADD node_modules/@react-hook/resize-observer
1060 silly ADD node_modules/@react-hook/passive-layout-effect
1061 silly ADD node_modules/@react-hook/latest
1062 silly ADD node_modules/@playwright/test
1063 silly ADD node_modules/@playwright/experimental-ct-react
1064 silly ADD node_modules/@playwright/experimental-ct-core
1065 silly ADD node_modules/@playwright/experimental-ct-core/node_modules/vite
1066 silly ADD node_modules/@playwright/experimental-ct-core/node_modules/picomatch
1067 silly ADD node_modules/@playwright/experimental-ct-core/node_modules/fdir
1068 silly ADD node_modules/@playwright/experimental-ct-core/node_modules/esbuild
1069 silly ADD
1070 silly ADD
1071 silly ADD
1072 silly ADD
1073 silly ADD
1074 silly ADD
1075 silly ADD node_modules/@playwright/experimental-ct-core/node_modules/@esbuild/linux-x64
1076 silly ADD
1077 silly ADD
1078 silly ADD
1079 silly ADD
1080 silly ADD
1081 silly ADD
1082 silly ADD
1083 silly ADD
1084 silly ADD
1085 silly ADD
1086 silly ADD
1087 silly ADD
1088 silly ADD
1089 silly ADD
1090 silly ADD
1091 silly ADD node_modules/@pkgr/core
1092 silly ADD node_modules/@pkgjs/parseargs
1093 silly ADD node_modules/@patternfly/react-tokens
1094 silly ADD node_modules/@patternfly/react-table
1095 silly ADD node_modules/@patternfly/react-styles
1096 silly ADD node_modules/@patternfly/react-icons
1097 silly ADD node_modules/@patternfly/react-drag-drop
1098 silly ADD node_modules/@patternfly/react-core
1099 silly ADD node_modules/@patternfly/react-component-groups
1100 silly ADD node_modules/@patternfly/patternfly
1101 silly ADD
1102 silly ADD
1103 silly ADD
1104 silly ADD node_modules/@parcel/watcher-linux-x64-musl
1105 silly ADD node_modules/@parcel/watcher-linux-x64-glibc
1106 silly ADD
1107 silly ADD
1108 silly ADD
1109 silly ADD
1110 silly ADD
1111 silly ADD
1112 silly ADD
1113 silly ADD
1114 silly ADD node_modules/@parcel/watcher
1115 silly ADD node_modules/@nodelib/fs.walk
1116 silly ADD node_modules/@nodelib/fs.stat
1117 silly ADD node_modules/@nodelib/fs.scandir
1118 silly ADD node_modules/@mdx-js/react
1119 silly ADD node_modules/@jridgewell/trace-mapping
1120 silly ADD node_modules/@jridgewell/sourcemap-codec
1121 silly ADD node_modules/@jridgewell/source-map
1122 silly ADD node_modules/@jridgewell/resolve-uri
1123 silly ADD node_modules/@jridgewell/remapping
1124 silly ADD node_modules/@jridgewell/gen-mapping
1125 silly ADD node_modules/@joshwooding/vite-plugin-react-docgen-typescript
1126 silly ADD node_modules/@jest/types
1127 silly ADD node_modules/@jest/transform
1128 silly ADD node_modules/@jest/test-sequencer
1129 silly ADD node_modules/@jest/test-result
1130 silly ADD node_modules/@jest/source-map
1131 silly ADD node_modules/@jest/schemas
1132 silly ADD node_modules/@jest/reporters
1133 silly ADD node_modules/@jest/reporters/node_modules/semver
1134 silly ADD node_modules/@jest/reporters/node_modules/minimatch
1135 silly ADD node_modules/@jest/reporters/node_modules/istanbul-lib-instrument
1136 silly ADD node_modules/@jest/reporters/node_modules/glob
1137 silly ADD node_modules/@jest/reporters/node_modules/brace-expansion
1138 silly ADD node_modules/@jest/globals
1139 silly ADD node_modules/@jest/fake-timers
1140 silly ADD node_modules/@jest/expect-utils
1141 silly ADD node_modules/@jest/expect
1142 silly ADD node_modules/@jest/environment
1143 silly ADD node_modules/@jest/core
1144 silly ADD node_modules/@jest/core/node_modules/react-is
1145 silly ADD node_modules/@jest/core/node_modules/pretty-format
1146 silly ADD node_modules/@jest/core/node_modules/ansi-styles
1147 silly ADD node_modules/@jest/console
1148 silly ADD node_modules/@istanbuljs/schema
1149 silly ADD node_modules/@istanbuljs/load-nyc-config
1150 silly ADD node_modules/@istanbuljs/load-nyc-config/node_modules/p-locate
1151 silly ADD node_modules/@istanbuljs/load-nyc-config/node_modules/p-limit
1152 silly ADD node_modules/@istanbuljs/load-nyc-config/node_modules/locate-path
1153 silly ADD node_modules/@istanbuljs/load-nyc-config/node_modules/js-yaml
1154 silly ADD node_modules/@istanbuljs/load-nyc-config/node_modules/find-up
1155 silly ADD node_modules/@istanbuljs/load-nyc-config/node_modules/argparse
1156 silly ADD node_modules/@isaacs/cliui
1157 silly ADD node_modules/@isaacs/cliui/node_modules/strip-ansi
1158 silly ADD node_modules/@isaacs/cliui/node_modules/ansi-regex
1159 silly ADD node_modules/@humanwhocodes/object-schema
1160 silly ADD node_modules/@humanwhocodes/module-importer
1161 silly ADD node_modules/@humanwhocodes/config-array
1162 silly ADD node_modules/@humanwhocodes/config-array/node_modules/minimatch
1163 silly ADD node_modules/@humanwhocodes/config-array/node_modules/brace-expansion
1164 silly ADD node_modules/@eslint/js
1165 silly ADD node_modules/@eslint/eslintrc
1166 silly ADD node_modules/@eslint/eslintrc/node_modules/minimatch
1167 silly ADD node_modules/@eslint/eslintrc/node_modules/brace-expansion
1168 silly ADD node_modules/@eslint-community/regexpp
1169 silly ADD node_modules/@eslint-community/eslint-utils
1170 silly ADD
1171 silly ADD
1172 silly ADD
1173 silly ADD
1174 silly ADD
1175 silly ADD
1176 silly ADD
1177 silly ADD
1178 silly ADD
1179 silly ADD node_modules/@esbuild/linux-x64
1180 silly ADD
1181 silly ADD
1182 silly ADD
1183 silly ADD
1184 silly ADD
1185 silly ADD
1186 silly ADD
1187 silly ADD
1188 silly ADD
1189 silly ADD
1190 silly ADD
1191 silly ADD
1192 silly ADD
1193 silly ADD
1194 silly ADD
1195 silly ADD
1196 silly ADD node_modules/@emotion/memoize
1197 silly ADD node_modules/@emotion/is-prop-valid
1198 silly ADD node_modules/@dnd-kit/utilities
1199 silly ADD node_modules/@dnd-kit/sortable
1200 silly ADD node_modules/@dnd-kit/modifiers
1201 silly ADD node_modules/@dnd-kit/core
1202 silly ADD node_modules/@dnd-kit/accessibility
1203 silly ADD node_modules/@bcoe/v8-coverage
1204 silly ADD node_modules/@babel/types
1205 silly ADD node_modules/@babel/traverse
1206 silly ADD node_modules/@babel/template
1207 silly ADD node_modules/@babel/runtime
1208 silly ADD node_modules/@babel/preset-typescript
1209 silly ADD node_modules/@babel/preset-react
1210 silly ADD node_modules/@babel/preset-modules
1211 silly ADD node_modules/@babel/preset-env
1212 silly ADD node_modules/@babel/plugin-transform-unicode-sets-regex
1213 silly ADD node_modules/@babel/plugin-transform-unicode-regex
1214 silly ADD node_modules/@babel/plugin-transform-unicode-property-regex
1215 silly ADD node_modules/@babel/plugin-transform-unicode-escapes
1216 silly ADD node_modules/@babel/plugin-transform-typescript
1217 silly ADD node_modules/@babel/plugin-transform-typeof-symbol
1218 silly ADD node_modules/@babel/plugin-transform-template-literals
1219 silly ADD node_modules/@babel/plugin-transform-sticky-regex
1220 silly ADD node_modules/@babel/plugin-transform-spread
1221 silly ADD node_modules/@babel/plugin-transform-shorthand-properties
1222 silly ADD node_modules/@babel/plugin-transform-reserved-words
1223 silly ADD node_modules/@babel/plugin-transform-regexp-modifiers
1224 silly ADD node_modules/@babel/plugin-transform-regenerator
1225 silly ADD node_modules/@babel/plugin-transform-react-pure-annotations
1226 silly ADD node_modules/@babel/plugin-transform-react-jsx-source
1227 silly ADD node_modules/@babel/plugin-transform-react-jsx-self
1228 silly ADD node_modules/@babel/plugin-transform-react-jsx-development
1229 silly ADD node_modules/@babel/plugin-transform-react-jsx
1230 silly ADD node_modules/@babel/plugin-transform-react-display-name
1231 silly ADD node_modules/@babel/plugin-transform-property-literals
1232 silly ADD node_modules/@babel/plugin-transform-private-property-in-object
1233 silly ADD node_modules/@babel/plugin-transform-private-methods
1234 silly ADD node_modules/@babel/plugin-transform-parameters
1235 silly ADD node_modules/@babel/plugin-transform-optional-chaining
1236 silly ADD node_modules/@babel/plugin-transform-optional-catch-binding
1237 silly ADD node_modules/@babel/plugin-transform-object-super
1238 silly ADD node_modules/@babel/plugin-transform-object-rest-spread
1239 silly ADD node_modules/@babel/plugin-transform-numeric-separator
1240 silly ADD node_modules/@babel/plugin-transform-nullish-coalescing-operator
1241 silly ADD node_modules/@babel/plugin-transform-new-target
1242 silly ADD node_modules/@babel/plugin-transform-named-capturing-groups-regex
1243 silly ADD node_modules/@babel/plugin-transform-modules-umd
1244 silly ADD node_modules/@babel/plugin-transform-modules-systemjs
1245 silly ADD node_modules/@babel/plugin-transform-modules-commonjs
1246 silly ADD node_modules/@babel/plugin-transform-modules-amd
1247 silly ADD node_modules/@babel/plugin-transform-member-expression-literals
1248 silly ADD node_modules/@babel/plugin-transform-logical-assignment-operators
1249 silly ADD node_modules/@babel/plugin-transform-literals
1250 silly ADD node_modules/@babel/plugin-transform-json-strings
1251 silly ADD node_modules/@babel/plugin-transform-function-name
1252 silly ADD node_modules/@babel/plugin-transform-for-of
1253 silly ADD node_modules/@babel/plugin-transform-export-namespace-from
1254 silly ADD node_modules/@babel/plugin-transform-exponentiation-operator
1255 silly ADD node_modules/@babel/plugin-transform-explicit-resource-management
1256 silly ADD node_modules/@babel/plugin-transform-dynamic-import
1257 silly ADD node_modules/@babel/plugin-transform-duplicate-named-capturing-groups-regex
1258 silly ADD node_modules/@babel/plugin-transform-duplicate-keys
1259 silly ADD node_modules/@babel/plugin-transform-dotall-regex
1260 silly ADD node_modules/@babel/plugin-transform-destructuring
1261 silly ADD node_modules/@babel/plugin-transform-computed-properties
1262 silly ADD node_modules/@babel/plugin-transform-classes
1263 silly ADD node_modules/@babel/plugin-transform-class-static-block
1264 silly ADD node_modules/@babel/plugin-transform-class-properties
1265 silly ADD node_modules/@babel/plugin-transform-block-scoping
1266 silly ADD node_modules/@babel/plugin-transform-block-scoped-functions
1267 silly ADD node_modules/@babel/plugin-transform-async-to-generator
1268 silly ADD node_modules/@babel/plugin-transform-async-generator-functions
1269 silly ADD node_modules/@babel/plugin-transform-arrow-functions
1270 silly ADD node_modules/@babel/plugin-syntax-unicode-sets-regex
1271 silly ADD node_modules/@babel/plugin-syntax-typescript
1272 silly ADD node_modules/@babel/plugin-syntax-top-level-await
1273 silly ADD node_modules/@babel/plugin-syntax-private-property-in-object
1274 silly ADD node_modules/@babel/plugin-syntax-optional-chaining
1275 silly ADD node_modules/@babel/plugin-syntax-optional-catch-binding
1276 silly ADD node_modules/@babel/plugin-syntax-object-rest-spread
1277 silly ADD node_modules/@babel/plugin-syntax-numeric-separator
1278 silly ADD node_modules/@babel/plugin-syntax-nullish-coalescing-operator
1279 silly ADD node_modules/@babel/plugin-syntax-logical-assignment-operators
1280 silly ADD node_modules/@babel/plugin-syntax-jsx
1281 silly ADD node_modules/@babel/plugin-syntax-json-strings
1282 silly ADD node_modules/@babel/plugin-syntax-import-meta
1283 silly ADD node_modules/@babel/plugin-syntax-import-attributes
1284 silly ADD node_modules/@babel/plugin-syntax-import-assertions
1285 silly ADD node_modules/@babel/plugin-syntax-class-static-block
1286 silly ADD node_modules/@babel/plugin-syntax-class-properties
1287 silly ADD node_modules/@babel/plugin-syntax-bigint
1288 silly ADD node_modules/@babel/plugin-syntax-async-generators
1289 silly ADD node_modules/@babel/plugin-proposal-private-property-in-object
1290 silly ADD node_modules/@babel/plugin-bugfix-v8-static-class-fields-redefine-readonly
1291 silly ADD node_modules/@babel/plugin-bugfix-v8-spread-parameters-in-optional-chaining
1292 silly ADD node_modules/@babel/plugin-bugfix-safari-id-destructuring-collision-in-function-expression
1293 silly ADD node_modules/@babel/plugin-bugfix-safari-class-field-initializer-scope
1294 silly ADD node_modules/@babel/plugin-bugfix-firefox-class-in-computed-class-key
1295 silly ADD node_modules/@babel/parser
1296 silly ADD node_modules/@babel/helpers
1297 silly ADD node_modules/@babel/helper-wrap-function
1298 silly ADD node_modules/@babel/helper-validator-option
1299 silly ADD node_modules/@babel/helper-validator-identifier
1300 silly ADD node_modules/@babel/helper-string-parser
1301 silly ADD node_modules/@babel/helper-skip-transparent-expression-wrappers
1302 silly ADD node_modules/@babel/helper-replace-supers
1303 silly ADD node_modules/@babel/helper-remap-async-to-generator
1304 silly ADD node_modules/@babel/helper-plugin-utils
1305 silly ADD node_modules/@babel/helper-optimise-call-expression
1306 silly ADD node_modules/@babel/helper-module-transforms
1307 silly ADD node_modules/@babel/helper-module-imports
1308 silly ADD node_modules/@babel/helper-member-expression-to-functions
1309 silly ADD node_modules/@babel/helper-globals
1310 silly ADD node_modules/@babel/helper-define-polyfill-provider
1311 silly ADD node_modules/@babel/helper-create-regexp-features-plugin
1312 silly ADD node_modules/@babel/helper-create-class-features-plugin
1313 silly ADD node_modules/@babel/helper-compilation-targets
1314 silly ADD node_modules/@babel/helper-annotate-as-pure
1315 silly ADD node_modules/@babel/generator
1316 silly ADD node_modules/@babel/core
1317 silly ADD node_modules/@babel/compat-data
1318 silly ADD node_modules/@babel/code-frame
1319 silly ADD node_modules/@adobe/css-tools
1320 verbose cwd /workspace
1321 verbose os Linux 6.16.7-200.fc42.x86_64
1322 verbose node v20.19.5
1323 verbose npm  v10.8.2
1324 verbose exit 0
1325 info ok
